Beneficiario,Volume
1,2.8
2,2.8
3,4.48
4,2.8
5,3.3600000000000003
6,7.279999999999999
7,2.8
8,1.6800000000000002
9,2.8
10,7.56
11,5.040000000000001
12,3.64
13,2.8
14,4.2
15,2.5200000000000005
16,4.76
17,4.2
18,2.8
19,5.6
20,2.24
21,5.88
22,2.8
23,5.040000000000001
24,2.8
25,8.96
26,5.6
27,4.2
28,2.8
29,8.4
30,13.44
31,7.0
32,8.4
33,11.2
34,5.6
35,4.76
36,3.0800000000000005
37,1.4
38,4.76
39,1.12
40,6.8
41,6.44
42,3.3600000000000003
43,11.4
44,4.2
45,7.279999999999999
46,1.12
47,2.8
48,1.4
49,4.2
50,1.96
51,2.24
52,1.6800000000000002
53,8.68
54,1.96
55,2.8
56,2.2
57,7.720000000000001
58,2.2
59,2.8
60,10.919999999999998
61,8.0
62,2.24
63,3.0800000000000005
64,2.24
65,3.0800000000000005
66,7.84
67,3.3600000000000003
68,2.24
69,3.3600000000000003
70,5.32
71,7.0
72,5.6
73,3.3600000000000003
74,8.68
75,2.24
76,2.24
77,3.3600000000000003
78,2.8
79,1.4
80,13.72
81,2.8
82,1.4
83,4.2
84,2.5200000000000005
85,2.8
86,11.2
87,5.88
88,3.3600000000000003
89,7.880000000000001
90,2.24
91,1.6800000000000002
92,1.96
93,11.36
94,6.44
95,1.96
96,15.4
97,3.64
98,8.4
99,2.24
100,3.3600000000000003
101,3.3600000000000003
102,7.0
103,2.24
104,12.48
105,8.059999999999999
106,3.0800000000000005
107,3.3600000000000003
108,4.2
109,8.059999999999999
110,10.64
111,10.919999999999998
112,2.4
113,3.0800000000000005
114,2.8
115,8.68
116,14.840000000000002
117,5.2
118,4.48
119,2.8
120,1.4
121,1.4
122,2.2
123,4.2
124,4.2
125,6.44
126,4.48
127,9.52
128,2.8
129,12.6
130,4.48
131,3.92
132,2.5200000000000005
133,1.96
134,10.919999999999998
135,1.48
136,1.96
137,5.6
138,6.44
139,1.12
140,9.8
141,3.8
142,14.840000000000002
143,4.2
144,8.4
145,8.84
146,5.76
147,7.279999999999999
148,10.36
149,2.24
150,2.2
151,3.92
152,4.2
153,2.24
154,1.4
155,1.6800000000000002
156,1.4
157,1.96
158,2.24
159,2.24
160,1.6800000000000002
161,1.4
162,2.8
163,2.2
164,2.24
165,2.24
166,2.8
167,1.6800000000000002
168,2.8
169,10.0
170,9.96
171,1.12
172,1.6800000000000002
173,12.320000000000002
174,10.36
175,3.0800000000000005
176,13.44
177,11.76
178,14.56
179,3.3600000000000003
180,1.96
181,13.44
182,6.319999999999999
183,3.92
184,13.159999999999998
185,6.12
186,1.6800000000000002
187,3.8
188,1.12
189,10.64
190,1.6800000000000002
191,6.44
192,9.24
193,2.5200000000000005
194,11.2
195,2.2
196,4.48
197,1.6800000000000002
198,2.8
199,1.96
200,12.6
201,4.76
202,4.48
203,7.279999999999999
204,2.24
205,12.04
206,5.6
207,7.0
208,11.2
209,9.52
210,2.8
211,11.2
212,7.84
213,4.2
214,13.159999999999998
215,6.160000000000001
216,8.12
217,7.84
218,11.080000000000002
219,7.56
220,12.320000000000002
221,10.52
222,12.04
223,17.36
224,6.160000000000001
225,4.64
226,10.8
227,9.8
228,7.44
229,14.28
230,5.88
231,16.52
232,1.96
233,3.92
234,3.3600000000000003
235,1.12
236,9.8
237,3.3600000000000003
238,2.8
239,8.68
240,5.76
241,6.44
242,3.8
243,12.6
244,12.6
245,14.56
246,8.84
247,7.0
248,4.2
249,4.76
250,14.0
251,6.44
252,11.76
253,12.6
254,1.6800000000000002
255,1.12
256,1.6800000000000002
257,2.2
258,4.2
259,5.040000000000001
260,6.44
261,7.279999999999999
262,8.12
263,6.160000000000001
264,8.96
265,4.2
266,5.6
267,5.6
268,7.0
269,5.6
270,5.6
271,2.8
272,5.32
273,10.080000000000002
274,4.2
275,2.8
276,5.6
277,14.0
278,4.2
279,6.720000000000001
280,9.8
281,1.12
282,8.4
283,4.2
284,6.160000000000001
285,6.319999999999999
286,6.720000000000001
287,10.36
288,13.159999999999998
289,5.6
290,3.8
291,6.6
292,10.080000000000002
293,2.8
294,5.32
295,7.279999999999999
296,7.279999999999999
297,5.6
298,2.8
299,6.44
300,3.0800000000000005
301,5.6
302,10.36
303,2.8
304,6.160000000000001
305,3.52
306,5.040000000000001
307,1.96
308,7.279999999999999
309,8.12
310,5.6
311,8.4
312,12.6
313,8.4
314,3.92
315,7.0
316,7.0
317,3.3600000000000003
318,5.32
319,4.2
320,4.48
321,3.92
322,8.96
323,7.0
324,4.48
325,8.4
326,5.040000000000001
327,6.44
328,7.0
329,5.6
330,3.0800000000000005
331,4.76
332,2.8
333,7.279999999999999
334,13.159999999999998
335,13.88
336,7.56
337,1.96
338,12.04
339,5.48
340,2.24
341,14.0
342,10.36
343,2.24
344,3.0800000000000005
345,1.6800000000000002
346,1.96
347,5.88
348,2.24
349,11.76
350,1.6800000000000002
351,7.0
352,1.6800000000000002
353,1.12
354,4.2
355,1.4
356,2.24
357,3.64
358,1.12
359,13.44
360,9.52
361,3.92
362,7.0
363,4.2
364,5.6
365,2.8
366,4.2
367,3.64
368,1.6800000000000002
369,5.040000000000001
370,10.64
371,1.4
372,2.2
373,1.12
374,2.24
375,6.720000000000001
376,3.0800000000000005
377,1.4
378,11.2
379,2.8
380,2.24
381,4.2
382,2.5200000000000005
383,3.92
384,4.48
385,2.8
386,3.64
387,1.4
388,1.96
389,7.279999999999999
390,2.24
391,2.8
392,2.8
393,3.3600000000000003
394,2.24
395,2.24
396,2.24
397,3.64
398,5.88
399,3.0800000000000005
400,11.2
401,2.24
402,1.6800000000000002
403,1.4
404,1.6800000000000002
405,4.48
406,1.96
407,5.32
408,7.279999999999999
409,14.0
410,5.6
411,13.72
412,3.92
413,10.0
414,10.64
415,4.2
416,7.0
417,5.32
418,2.24
419,8.12
420,9.52
421,4.2
422,5.6
423,5.6
424,3.92
425,4.2
426,2.8
427,4.48
428,2.8
429,11.76
430,11.48
431,3.92
432,3.0800000000000005
433,2.5200000000000005
434,2.5200000000000005
435,1.6800000000000002
436,5.040000000000001
437,3.24
438,5.48
439,12.6
440,9.8
441,6.720000000000001
442,3.3600000000000003
443,3.92
444,3.64
445,2.24
446,1.4
447,1.4
448,3.3600000000000003
449,1.96
450,1.6800000000000002
451,1.4
452,9.8
453,3.3600000000000003
454,3.92
455,3.3600000000000003
456,2.5200000000000005
457,0.8400000000000001
458,1.4
459,2.2
460,11.4
461,1.12
462,2.5200000000000005
463,1.12
464,3.92
465,2.24
466,2.24
467,3.0800000000000005
468,2.8
469,2.5200000000000005
470,1.96
471,2.8
472,2.8
473,1.96
474,2.5200000000000005
475,1.4
476,2.24
477,4.48
478,1.96
479,4.76
480,2.24
481,2.5200000000000005
482,2.8
483,1.4
484,1.6800000000000002
485,3.3600000000000003
486,2.24
487,1.96
488,6.8
489,1.6800000000000002
490,1.4
491,1.4
492,1.6800000000000002
493,1.4
494,5.040000000000001
495,5.6
496,2.2
497,3.3600000000000003
498,1.96
499,10.64
500,4.2
501,2.24
502,2.24
503,1.4
504,2.5200000000000005
505,3.3600000000000003
506,4.2
507,11.2
508,2.2
509,2.2
510,1.12
511,6.8
512,2.8
513,6.8
514,3.3600000000000003
515,3.64
516,1.6800000000000002
517,2.24
518,1.6800000000000002
519,2.24
520,1.28
521,4.2
522,1.12
523,3.92
524,2.24
525,4.48
526,1.96
527,1.4
528,4.36
529,7.84
530,15.4
531,1.6800000000000002
532,2.8
533,8.96
534,8.68
535,3.3600000000000003
536,11.2
537,6.6
538,9.52
539,14.28
540,5.92
541,11.919999999999998
542,3.92
543,6.48
544,12.320000000000002
545,14.56
546,12.88
547,8.56
548,10.4
549,13.44
550,14.0
551,11.48
552,9.52
553,2.5200000000000005
554,4.2
555,3.64
556,6.160000000000001
557,3.92
558,9.24
559,10.64
560,2.8
561,4.48
562,4.48
563,3.92
564,7.0
565,11.2
566,8.12
567,13.72
568,11.76
569,2.8
570,4.64
571,5.6
572,1.6800000000000002
573,3.3600000000000003
574,6.720000000000001
575,7.56
576,3.0800000000000005
577,2.5200000000000005
578,5.040000000000001
579,3.92
580,6.6
581,4.2
582,7.0
583,2.8
584,4.2
585,7.0
586,3.64
587,1.96
588,7.56
589,8.12
590,12.6
591,2.5200000000000005
592,10.64
593,7.56
594,9.4
595,4.2
596,14.0
597,4.2
598,14.840000000000002
599,11.2
600,11.76
601,2.8
602,3.0800000000000005
603,10.919999999999998
604,8.4
605,5.040000000000001
606,5.6
607,8.4
608,10.919999999999998
609,6.720000000000001
610,14.28
611,7.0
612,8.96
613,5.040000000000001
614,5.040000000000001
615,7.56
616,5.32
617,4.2
618,5.6
619,6.44
620,3.3600000000000003
621,3.0800000000000005
622,11.76
623,8.0
624,5.040000000000001
625,7.0
626,7.0
627,6.160000000000001
628,4.76
629,4.2
630,6.160000000000001
631,15.12
632,7.56
633,5.32
634,3.3600000000000003
635,5.6
636,3.3600000000000003
637,9.24
638,4.48
639,6.720000000000001
640,4.92
641,6.160000000000001
642,2.24
643,7.16
644,5.6
645,7.0
646,8.4
647,6.720000000000001
648,7.0
649,11.2
650,8.0
651,4.2
652,3.68
653,6.160000000000001
654,12.320000000000002
655,4.2
656,3.52
657,13.32
658,12.88
659,13.32
660,3.24
661,14.159999999999998
662,10.919999999999998
663,14.0
664,5.48
665,11.2
666,11.64
667,9.14
668,16.0
669,14.0
670,7.0
671,7.279999999999999
672,2.24
673,7.0
674,5.36
675,6.8
676,1.96
677,2.8
678,3.64
679,4.2
680,0.8400000000000001
681,2.24
682,6.8
683,2.8
684,3.92
685,4.76
686,3.0800000000000005
687,1.12
688,3.3600000000000003
689,3.92
690,8.12
691,7.56
692,8.68
693,8.96
694,8.4
695,4.76
696,41.8
697,5.6
698,2.12
699,13.159999999999998
700,6.44
701,8.4
702,6.720000000000001
703,14.56
704,5.88
705,6.720000000000001
706,12.6
707,5.32
708,10.36
709,12.6
710,14.28
711,8.96
712,8.28
713,11.2
714,13.159999999999998
715,7.56
716,4.76
717,12.6
718,9.24
719,10.36
720,13.6
721,12.04
722,9.8
723,8.68
724,4.64
725,9.96
726,4.36
727,4.36
728,5.8
729,7.84
730,3.24
731,8.68
732,4.08
733,5.040000000000001
734,14.56
735,10.080000000000002
736,10.919999999999998
737,12.48
738,3.24
739,16.8
740,5.9
741,10.64
742,6.160000000000001
743,2.96
744,7.279999999999999
745,5.76
746,3.3600000000000003
747,5.2
748,4.2
749,10.080000000000002
750,10.36
751,10.080000000000002
752,5.6
753,3.0800000000000005
754,3.0800000000000005
755,9.4
756,9.8
757,7.56
758,5.6
759,5.6
760,3.3600000000000003
761,7.279999999999999
762,3.0800000000000005
763,10.080000000000002
764,7.0
765,4.2
766,3.0800000000000005
767,2.8
768,2.5200000000000005
769,2.5200000000000005
770,2.5200000000000005
771,4.48
772,1.4
773,5.6
774,3.0800000000000005
775,8.24
776,5.040000000000001
777,10.919999999999998
778,9.8
779,1.4
780,12.6
781,8.96
782,3.3600000000000003
783,2.24
784,5.32
785,2.8
786,10.080000000000002
787,4.76
788,6.160000000000001
789,2.8
790,3.0800000000000005
791,2.8
792,8.68
793,7.0
794,5.32
795,1.12
796,12.48
797,5.040000000000001
798,2.5200000000000005
799,8.4
800,3.8
801,3.92
802,5.040000000000001
803,1.12
804,3.0800000000000005
805,5.6
806,1.6800000000000002
807,3.3600000000000003
808,2.8
809,4.48
810,1.96
811,3.92
812,2.24
813,2.8
814,1.6800000000000002
815,3.64
816,6.160000000000001
817,10.919999999999998
818,11.76
819,4.48
820,6.160000000000001
821,4.2
822,3.8
823,4.76
824,10.080000000000002
825,13.72
826,8.4
827,8.12
828,9.52
829,7.84
830,3.8
831,3.54
832,2.2
833,8.4
834,2.24
835,2.5200000000000005
836,13.159999999999998
837,1.48
838,3.3600000000000003
839,5.6
840,10.919999999999998
841,4.76
842,3.64
843,3.64
844,5.040000000000001
845,3.64
846,7.279999999999999
847,2.24
848,3.92
849,2.5200000000000005
850,3.92
851,4.2
852,2.24
853,4.48
854,2.2
855,5.6
856,3.64
857,14.56
858,7.84
859,9.8
860,6.160000000000001
861,6.720000000000001
862,13.72
863,8.84
864,2.5200000000000005
865,1.12
866,2.5200000000000005
867,3.3600000000000003
868,5.32
869,1.4
870,2.24
871,3.3600000000000003
872,3.0800000000000005
873,1.6800000000000002
874,3.3600000000000003
875,2.2
876,2.24
877,3.64
878,2.2
879,1.12
880,2.2
881,2.24
882,1.96
883,1.12
884,1.96
885,1.4
886,1.6800000000000002
887,1.12
888,1.12
889,3.92
890,2.24
891,2.24
892,3.0800000000000005
893,1.6800000000000002
894,2.8
895,1.6800000000000002
896,2.24
897,2.24
898,3.3600000000000003
899,4.76
900,3.3600000000000003
901,7.0
902,5.6
903,4.48
904,2.8
905,2.24
906,1.12
907,8.4
908,10.080000000000002
909,8.4
910,1.4
911,1.4
912,2.2
913,4.48
914,3.0800000000000005
915,2.24
916,6.720000000000001
917,9.24
918,3.0800000000000005
919,7.0
920,4.76
921,3.64
922,3.3600000000000003
923,1.96
924,1.6800000000000002
925,3.92
926,1.96
927,3.0800000000000005
928,1.96
929,2.24
930,2.8
931,1.6800000000000002
932,1.4
933,5.32
934,1.96
935,4.2
936,2.5200000000000005
937,2.8
938,1.6800000000000002
939,3.64
940,3.3600000000000003
941,6.44
942,6.44
943,3.92
944,3.3600000000000003
945,2.8
946,1.4
947,5.040000000000001
948,1.96
949,1.6800000000000002
950,1.96
951,1.4
952,5.88
953,3.0800000000000005
954,4.2
955,5.040000000000001
956,3.3600000000000003
957,3.64
958,6.44
959,4.48
960,4.48
961,4.48
962,1.2
963,10.36
964,7.279999999999999
965,5.6
966,2.2
967,8.4
968,1.96
969,5.6
970,3.3600000000000003
971,7.84
972,4.76
973,4.76
974,13.72
975,5.2
976,4.48
977,10.919999999999998
978,11.2
979,5.28
980,10.52
981,1.6800000000000002
982,4.36
983,11.2
984,10.8
985,3.64
986,4.76
987,9.8
988,4.64
989,8.4
990,7.279999999999999
991,8.0
992,3.0800000000000005
993,14.0
994,14.159999999999998
995,12.2
996,14.32
997,9.4
998,7.279999999999999
999,6.7
1000,9.8
1001,2.4
1002,11.2
1003,11.080000000000002
1004,8.56
1005,14.0
1006,7.84
1007,2.24
1008,1.96
1009,1.4
1010,2.24
1011,8.6
1012,1.12
1013,3.92
1014,2.24
1015,5.32
1016,13.44
1017,2.24
1018,1.4
1019,2.88
1020,1.96
1021,1.4
1022,5.040000000000001
1023,3.0800000000000005
1024,4.2
1025,3.0800000000000005
1026,1.12
1027,5.040000000000001
1028,3.24
1029,3.3600000000000003
1030,6.44
1031,6.160000000000001
1032,2.8
1033,5.6
1034,4.2
1035,7.0
1036,14.0
1037,8.96
1038,4.5
1039,8.4
1040,5.88
1041,3.64
1042,1.96
1043,3.3600000000000003
1044,3.64
1045,7.0
1046,9.8
1047,2.8
1048,2.8
1049,4.2
1050,5.6
1051,3.92
1052,4.48
1053,6.160000000000001
1054,2.8
1055,1.12
1056,5.32
1057,3.92
1058,5.6
1059,4.08
1060,5.88
1061,9.52
1062,4.48
1063,5.040000000000001
1064,7.16
1065,6.040000000000001
1066,7.0
1067,4.36
1068,9.12
1069,3.92
1070,13.6
1071,6.160000000000001
1072,7.279999999999999
1073,9.96
1074,14.0
1075,4.08
1076,5.88
1077,11.2
1078,4.2
1079,9.4
1080,5.32
1081,6.6
1082,6.160000000000001
1083,8.56
1084,8.96
1085,13.44
1086,2.24
1087,7.84
1088,9.24
1089,3.0800000000000005
1090,2.4
1091,3.0800000000000005
1092,7.56
1093,5.88
1094,8.84
1095,7.0
1096,4.76
1097,2.68
1098,2.8
1099,7.0
1100,7.56
1101,4.48
1102,4.76
1103,7.279999999999999
1104,3.92
1105,9.8
1106,6.160000000000001
1107,1.96
1108,3.3600000000000003
1109,2.5200000000000005
1110,5.6
1111,3.3600000000000003
1112,2.2
1113,4.48
1114,3.3600000000000003
1115,4.2
1116,2.2
1117,3.92
1118,3.92
1119,1.6800000000000002
1120,4.2
1121,1.6800000000000002
1122,1.4
1123,3.92
1124,2.8
1125,1.6800000000000002
1126,3.64
1127,6.44
1128,3.0800000000000005
1129,2.5200000000000005
1130,8.12
1131,3.0800000000000005
1132,3.0800000000000005
1133,3.64
1134,3.3600000000000003
1135,2.24
1136,2.24
1137,1.4
1138,7.84
1139,1.96
1140,4.76
1141,2.24
1142,2.2
1143,1.4
1144,2.24
1145,5.32
1146,1.6800000000000002
1147,2.8
1148,3.92
1149,2.5200000000000005
1150,3.64
1151,6.160000000000001
1152,1.4
1153,15.4
1154,2.5200000000000005
1155,3.64
1156,3.0800000000000005
1157,1.6800000000000002
1158,3.3600000000000003
1159,2.24
1160,1.96
1161,2.24
1162,2.24
1163,10.919999999999998
1164,4.48
1165,9.8
1166,2.24
1167,2.8
1168,2.24
1169,1.6800000000000002
1170,7.56
1171,10.919999999999998
1172,5.6
1173,5.040000000000001
1174,12.88
1175,3.24
1176,7.84
1177,8.4
1178,6.44
1179,8.0
1180,11.64
1181,2.56
1182,5.88
1183,4.92
1184,13.159999999999998
1185,2.4
1186,4.16
1187,11.48
1188,5.08
1189,13.88
1190,10.080000000000002
1191,4.8
1192,4.76
1193,14.840000000000002
1194,2.8
1195,2.24
1196,3.3600000000000003
1197,3.3600000000000003
1198,1.12
1199,1.6800000000000002
1200,3.0800000000000005
1201,2.2
1202,1.6800000000000002
1203,3.3600000000000003
1204,6.8
1205,4.48
1206,2.2
1207,1.4
1208,1.6800000000000002
1209,1.96
1210,5.040000000000001
1211,3.0800000000000005
1212,2.8
1213,1.12
1214,1.96
1215,1.4
1216,1.96
1217,3.0800000000000005
1218,5.32
1219,2.24
1220,1.12
1221,5.6
1222,2.2
1223,5.88
1224,3.3600000000000003
1225,3.92
1226,1.4
1227,3.64
1228,1.12
1229,3.0800000000000005
1230,2.8
1231,1.96
1232,4.2
1233,3.92
1234,3.3600000000000003
1235,1.12
1236,2.5200000000000005
1237,1.6800000000000002
1238,1.6800000000000002
1239,7.84
1240,1.6800000000000002
1241,3.92
1242,1.6800000000000002
1243,1.6800000000000002
1244,1.96
1245,1.6800000000000002
1246,9.12
1247,4.48
1248,11.2
1249,3.3600000000000003
1250,1.12
1251,3.64
1252,1.12
1253,2.24
1254,1.6800000000000002
1255,3.0800000000000005
1256,2.8
1257,1.96
1258,6.8
1259,1.4
1260,2.8
1261,3.92
1262,6.8
1263,6.8
1264,1.12
1265,1.96
1266,1.96
1267,3.3600000000000003
1268,1.12
1269,1.6800000000000002
1270,1.96
1271,1.4
1272,2.2
1273,2.5200000000000005
1274,2.8
1275,2.5200000000000005
1276,2.8
1277,2.5200000000000005
1278,3.92
1279,3.0800000000000005
1280,3.64
1281,5.6
1282,6.160000000000001
1283,1.6800000000000002
1284,3.3600000000000003
1285,5.6
1286,0.6
1287,11.76
1288,14.840000000000002
1289,8.0
1290,12.2
1291,12.88
1292,8.4
1293,4.0
1294,7.0
1295,3.0800000000000005
1296,2.8
1297,3.3600000000000003
1298,3.92
1299,4.76
1300,4.76
1301,3.3600000000000003
1302,1.96
1303,4.2
1304,1.6800000000000002
1305,2.24
1306,2.5200000000000005
1307,3.3600000000000003
1308,2.8
1309,2.24
1310,4.2
1311,3.92
1312,6.720000000000001
1313,1.4
1314,9.4
1315,13.6
1316,5.28
1317,13.48
1318,11.4
1319,8.4
1320,8.4
1321,4.48
1322,4.36
1323,5.36
1324,13.88
1325,3.8
1326,3.0800000000000005
1327,11.2
1328,8.4
1329,3.92
1330,7.0
1331,2.8
1332,13.6
1333,4.2
1334,2.5200000000000005
1335,2.24
1336,1.12
1337,1.96
1338,1.96
1339,16.0
1340,12.04
1341,1.6800000000000002
1342,5.6
1343,12.2
1344,7.720000000000001
1345,5.48
1346,2.24
1347,12.88
1348,3.0800000000000005
1349,1.4
1350,1.4
1351,1.4
1352,1.4
1353,2.24
1354,4.48
1355,3.92
1356,2.24
1357,1.96
1358,2.24
1359,2.24
1360,2.8
1361,2.5200000000000005
1362,1.4
1363,2.24
1364,1.4
1365,4.48
1366,1.12
1367,1.4
1368,1.6800000000000002
1369,1.4
1370,1.96
1371,1.4
1372,11.2
1373,12.88
1374,4.76
1375,12.6
1376,4.76
1377,7.0
1378,2.24
1379,1.6800000000000002
1380,2.24
1381,2.24
1382,4.48
1383,5.6
1384,7.56
1385,5.88
1386,9.8
1387,13.72
1388,2.24
1389,14.0
1390,1.6800000000000002
1391,12.6
1392,3.0800000000000005
1393,2.5200000000000005
1394,6.160000000000001
1395,6.6
1396,4.48
1397,6.44
1398,7.56
1399,9.8
1400,4.48
1401,9.8
1402,4.48
1403,11.76
1404,7.0
1405,2.24
1406,11.64
1407,1.6800000000000002
1408,12.6
1409,3.92
1410,1.12
1411,10.919999999999998
1412,6.720000000000001
1413,1.4
1414,4.2
1415,1.6800000000000002
1416,1.4
1417,11.4
1418,1.6800000000000002
1419,3.0800000000000005
1420,3.3600000000000003
1421,4.2
1422,13.44
1423,1.96
1424,6.44
1425,2.8
1426,6.8
1427,2.24
1428,3.92
1429,1.12
1430,6.8
1431,9.8
1432,1.96
1433,8.96
1434,11.2
1435,8.6
1436,7.0
1437,11.76
1438,5.6
1439,12.52
1440,8.4
1441,8.68
1442,1.96
1443,1.4
1444,3.3600000000000003
1445,1.4
1446,1.4
1447,1.96
1448,1.12
1449,1.96
1450,1.4
1451,2.8
1452,2.8
1453,2.8
1454,4.76
1455,5.6
1456,5.040000000000001
1457,2.8
1458,4.2
1459,4.2
1460,1.6800000000000002
1461,2.5200000000000005
1462,2.2
1463,4.2
1464,4.2
1465,14.159999999999998
1466,5.6
1467,1.4
1468,3.64
1469,7.279999999999999
1470,7.0
1471,4.2
1472,8.4
1473,8.4
1474,3.8
1475,10.080000000000002
1476,5.6
1477,8.4
1478,2.24
1479,1.12
1480,3.92
1481,5.6
1482,4.76
1483,5.88
1484,3.0800000000000005
1485,2.8
1486,8.12
1487,3.92
1488,4.2
1489,5.32
1490,1.6800000000000002
1491,1.96
1492,3.0800000000000005
1493,2.24
1494,1.6800000000000002
1495,3.0800000000000005
1496,7.279999999999999
1497,3.3600000000000003
1498,3.0800000000000005
1499,11.76
1500,8.4
1501,2.96
1502,9.8
1503,6.160000000000001
1504,10.8
1505,7.84
1506,2.5200000000000005
1507,1.96
1508,9.52
1509,5.040000000000001
1510,11.2
1511,6.160000000000001
1512,5.040000000000001
1513,12.6
1514,12.2
1515,14.56
1516,3.3600000000000003
1517,2.8
1518,14.56
1519,3.8
1520,8.4
1521,7.279999999999999
1522,2.24
1523,8.4
1524,1.96
1525,8.68
1526,5.040000000000001
1527,2.8
1528,7.0
1529,6.720000000000001
1530,4.76
1531,5.32
1532,4.48
1533,2.4
1534,6.720000000000001
1535,12.320000000000002
1536,3.64
1537,6.64
1538,4.2
1539,7.720000000000001
1540,5.040000000000001
1541,8.24
1542,2.68
1543,4.48
1544,13.88
1545,14.44
1546,12.76
1547,15.0
1548,3.8
1549,8.4
1550,8.84
1551,3.64
1552,2.96
1553,5.6
1554,14.56
1555,9.24
1556,4.2
1557,14.0
1558,9.24
1559,6.160000000000001
1560,5.32
1561,5.6
1562,3.64
1563,4.76
1564,8.68
1565,8.059999999999999
1566,12.320000000000002
1567,14.28
1568,19.880000000000003
1569,2.5200000000000005
1570,1.6800000000000002
1571,8.56
1572,2.5200000000000005
1573,4.92
1574,5.2
1575,5.76
1576,8.4
1577,14.56
1578,9.8
1579,8.28
1580,6.6
1581,1.6800000000000002
1582,20.36
1583,2.8
1584,4.2
1585,12.2
1586,7.56
1587,15.840000000000002
1588,8.96
1589,3.52
1590,6.160000000000001
1591,11.2
1592,7.84
1593,1.4
1594,1.6800000000000002
1595,9.8
1596,13.159999999999998
1597,15.12
1598,1.4
1599,6.8
1600,1.96
1601,2.24
1602,2.2
1603,1.12
1604,3.64
1605,4.2
1606,3.0800000000000005
1607,1.6800000000000002
1608,2.5200000000000005
1609,2.8
1610,2.5200000000000005
1611,4.48
1612,5.6
1613,2.5200000000000005
1614,1.6800000000000002
1615,10.080000000000002
1616,5.32
1617,3.8
1618,5.88
1619,10.36
1620,7.56
1621,3.92
1622,3.92
1623,4.76
1624,2.8
1625,14.44
1626,6.160000000000001
1627,14.840000000000002
1628,4.76
1629,4.2
1630,2.8
1631,5.88
1632,6.720000000000001
1633,12.6
1634,3.0800000000000005
1635,4.92
1636,6.720000000000001
1637,10.080000000000002
1638,5.040000000000001
1639,9.4
1640,5.6
1641,7.84
1642,3.92
1643,2.8
1644,5.88
1645,2.5200000000000005
1646,3.0800000000000005
1647,2.8
1648,3.3600000000000003
1649,4.2
1650,2.24
1651,2.5200000000000005
1652,5.32
1653,7.84
1654,2.24
1655,1.96
1656,2.8
1657,6.720000000000001
1658,5.040000000000001
1659,6.160000000000001
1660,6.44
1661,5.6
1662,4.8
1663,7.0
1664,11.48
1665,4.2
1666,5.6
1667,3.3600000000000003
1668,7.279999999999999
1669,7.0
1670,5.040000000000001
1671,6.6
1672,5.32
1673,6.8
1674,5.6
1675,3.3600000000000003
1676,9.8
1677,4.48
1678,5.040000000000001
1679,3.3600000000000003
1680,6.720000000000001
1681,6.44
1682,2.24
1683,6.44
1684,8.6
1685,8.96
1686,3.92
1687,16.52
1688,7.0
1689,8.12
1690,14.0
1691,2.2
1692,1.4
1693,2.5200000000000005
1694,2.5200000000000005
1695,1.4
1696,1.96
1697,3.0800000000000005
1698,2.8
1699,3.0800000000000005
1700,4.2
1701,3.0800000000000005
1702,13.159999999999998
1703,8.4
1704,9.8
1705,3.92
1706,2.8
1707,9.96
1708,3.3600000000000003
1709,4.2
1710,4.48
1711,3.92
1712,2.24
1713,14.28
1714,4.2
1715,12.88
1716,5.040000000000001
1717,8.96
1718,5.6
1719,3.92
1720,2.8
1721,3.3600000000000003
1722,7.56
1723,2.2
1724,1.6800000000000002
1725,8.4
1726,11.48
1727,7.279999999999999
1728,3.0800000000000005
1729,1.4
1730,3.0800000000000005
1731,6.720000000000001
1732,1.6800000000000002
1733,5.6
1734,2.24
1735,3.3600000000000003
1736,9.8
1737,4.2
1738,3.92
1739,11.2
1740,15.56
1741,3.0
1742,8.96
1743,12.6
1744,5.88
1745,7.0
1746,3.92
1747,1.96
1748,6.44
1749,8.4
1750,7.279999999999999
1751,6.720000000000001
1752,1.96
1753,4.48
1754,12.6
1755,2.5200000000000005
1756,1.4
1757,4.2
1758,3.3600000000000003
1759,4.2
1760,6.160000000000001
1761,2.24
1762,7.0
1763,3.64
1764,10.36
1765,8.4
1766,11.76
1767,4.92
1768,4.08
1769,5.88
1770,4.76
1771,3.64
1772,3.64
1773,2.8
1774,5.88
1775,3.3600000000000003
1776,2.8
1777,4.48
1778,5.32
1779,5.6
1780,5.88
1781,4.76
1782,5.040000000000001
1783,7.0
1784,9.8
1785,13.44
1786,5.040000000000001
1787,2.8
1788,3.0800000000000005
1789,10.080000000000002
1790,3.92
1791,7.0
1792,5.6
1793,5.6
1794,3.92
1795,1.4
1796,5.32
1797,8.4
1798,4.76
1799,2.5200000000000005
1800,6.720000000000001
1801,1.96
1802,2.24
1803,4.2
1804,6.6
1805,3.0800000000000005
1806,7.56
1807,13.88
1808,9.52
1809,6.44
1810,8.0
1811,10.36
1812,1.4
1813,2.24
1814,4.48
1815,9.8
1816,5.6
1817,6.6
1818,7.279999999999999
1819,2.8
1820,3.0800000000000005
1821,3.0800000000000005
1822,3.64
1823,2.8
1824,8.4
1825,3.3600000000000003
1826,3.3600000000000003
1827,1.12
1828,2.8
1829,3.92
1830,6.160000000000001
1831,1.4
1832,6.44
1833,3.92
1834,4.2
1835,3.0800000000000005
1836,3.92
1837,1.4
1838,5.88
1839,4.2
1840,6.8
1841,2.8
1842,1.6
1843,1.4
1844,5.88
1845,2.8
1846,2.5200000000000005
1847,2.24
1848,2.5200000000000005
1849,1.12
1850,3.3600000000000003
1851,4.2
1852,7.279999999999999
1853,5.32
1854,7.279999999999999
1855,3.8
1856,3.3600000000000003
1857,9.24
1858,2.8
1859,7.56
1860,1.76
1861,9.52
1862,3.0800000000000005
1863,3.3600000000000003
1864,5.88
1865,4.76
1866,2.24
1867,3.0800000000000005
1868,3.3600000000000003
1869,2.24
1870,1.96
1871,1.6800000000000002
1872,1.96
1873,2.24
1874,2.8
1875,4.76
1876,1.6800000000000002
1877,2.24
1878,2.24
1879,4.48
1880,1.12
1881,8.4
1882,2.24
1883,1.4
1884,3.3600000000000003
1885,1.96
1886,2.24
1887,3.92
1888,4.76
1889,1.96
1890,4.2
1891,3.64
1892,3.3600000000000003
1893,1.4
1894,2.8
1895,4.48
1896,3.92
1897,3.92
1898,1.96
1899,1.6800000000000002
1900,4.76
1901,5.040000000000001
1902,4.2
1903,2.24
1904,2.8
1905,2.8
1906,1.4
1907,2.2
1908,1.96
1909,1.96
1910,3.3600000000000003
1911,3.92
1912,1.4
1913,1.6800000000000002
1914,5.040000000000001
1915,1.6800000000000002
1916,2.8
1917,1.4
1918,2.8
1919,2.24
1920,2.24
1921,2.5200000000000005
1922,1.6800000000000002
1923,2.5200000000000005
1924,2.8
1925,1.4
1926,9.24
1927,3.92
1928,6.44
1929,1.12
1930,1.4
1931,5.6
1932,2.2
1933,3.92
1934,8.4
1935,1.12
1936,6.8
1937,3.92
1938,4.2
1939,3.3600000000000003
1940,7.0
1941,8.4
1942,12.88
1943,3.8
1944,7.0
1945,7.56
1946,6.720000000000001
1947,3.92
1948,14.0
1949,15.68
1950,6.44
1951,4.48
1952,5.040000000000001
1953,1.6800000000000002
1954,4.76
1955,9.8
1956,7.279999999999999
1957,1.6800000000000002
1958,5.040000000000001
1959,1.96
1960,1.4
1961,1.6800000000000002
1962,3.0800000000000005
1963,1.4
1964,5.040000000000001
1965,13.159999999999998
1966,2.2
1967,7.720000000000001
1968,5.6
1969,6.44
1970,14.28
1971,5.88
1972,3.3600000000000003
1973,1.6800000000000002
1974,3.0800000000000005
1975,10.24
1976,5.6
1977,14.0
1978,11.76
1979,3.3600000000000003
1980,9.96
1981,12.76
1982,13.159999999999998
1983,2.8
1984,7.0
1985,4.48
1986,8.96
1987,3.0800000000000005
1988,1.6800000000000002
1989,3.3600000000000003
1990,0.64
1991,3.0800000000000005
1992,7.84
1993,15.12
1994,9.68
1995,11.2
1996,13.44
1997,14.44
1998,11.2
1999,11.64
2000,9.68
2001,1.12
2002,10.52
2003,1.96
2004,7.279999999999999
2005,1.96
2006,7.880000000000001
2007,1.12
2008,2.8
2009,4.48
2010,3.92
2011,3.92
2012,2.24
2013,7.0
2014,5.32
2015,4.2
2016,11.2
2017,3.92
2018,4.36
2019,6.160000000000001
2020,2.8
2021,4.76
2022,3.3600000000000003
2023,5.6
2024,3.8
2025,3.0800000000000005
2026,4.48
2027,9.8
2028,15.12
2029,3.24
2030,7.84
2031,12.320000000000002
2032,3.92
2033,2.5200000000000005
2034,4.36
2035,1.6800000000000002
2036,11.2
2037,1.4
2038,10.36
2039,5.6
2040,4.76
2041,2.5200000000000005
2042,8.96
2043,8.68
2044,7.84
2045,6.44
2046,4.48
2047,2.8
2048,5.6
2049,4.76
2050,5.32
2051,8.4
2052,9.52
2053,3.52
2054,4.48
2055,2.5200000000000005
2056,3.3600000000000003
2057,2.2
2058,5.88
2059,8.4
2060,8.68
2061,5.32
2062,2.5200000000000005
2063,4.76
2064,3.64
2065,2.5200000000000005
2066,6.160000000000001
2067,1.4
2068,1.6800000000000002
2069,5.6
2070,3.64
2071,3.3600000000000003
2072,2.8
2073,9.24
2074,4.76
2075,7.0
2076,4.48
2077,6.44
2078,1.4
2079,4.2
2080,5.040000000000001
2081,4.2
2082,3.64
2083,2.8
2084,2.8
2085,7.279999999999999
2086,5.6
2087,12.48
2088,3.24
2089,9.24
2090,4.76
2091,3.8
2092,2.8
2093,4.48
2094,11.2
2095,4.2
2096,7.0
2097,7.56
2098,3.3600000000000003
2099,1.96
2100,2.24
2101,1.4
2102,11.2
2103,8.96
2104,5.6
2105,3.92
2106,8.4
2107,4.08
2108,7.0
2109,8.4
2110,6.160000000000001
2111,8.0
2112,3.3600000000000003
2113,5.6
2114,8.96
2115,5.6
2116,1.96
2117,7.279999999999999
2118,1.6800000000000002
2119,5.88
2120,5.040000000000001
2121,12.320000000000002
2122,14.0
2123,2.68
2124,15.4
2125,6.44
2126,11.76
2127,11.2
2128,7.84
2129,7.44
2130,4.36
2131,7.2
2132,8.96
2133,7.84
2134,10.919999999999998
2135,11.76
2136,10.24
2137,11.76
2138,13.72
2139,8.68
2140,10.24
2141,5.6
2142,5.040000000000001
2143,2.8
2144,5.6
2145,5.6
2146,5.6
2147,2.8
2148,3.64
2149,3.92
2150,3.0800000000000005
2151,1.4
2152,9.8
2153,1.6800000000000002
2154,12.04
2155,8.4
2156,2.8
2157,2.8
2158,4.76
2159,5.040000000000001
2160,5.6
2161,2.8
2162,5.6
2163,3.3600000000000003
2164,2.24
2165,2.24
2166,2.24
2167,5.6
2168,5.6
2169,3.92
2170,3.64
2171,5.040000000000001
2172,5.6
2173,1.6800000000000002
2174,2.24
2175,10.919999999999998
2176,8.12
2177,12.88
2178,2.8
2179,5.6
2180,13.72
2181,5.32
2182,6.720000000000001
2183,3.3600000000000003
2184,6.160000000000001
2185,3.0800000000000005
2186,3.92
2187,8.68
2188,4.2
2189,1.4
2190,3.64
2191,11.2
2192,6.720000000000001
2193,3.68
2194,1.6800000000000002
2195,4.2
2196,2.8
2197,3.3600000000000003
2198,3.92
2199,1.4
2200,2.24
2201,8.6
2202,4.2
2203,7.84
2204,2.5200000000000005
2205,9.24
2206,8.12
2207,8.4
2208,5.32
2209,6.720000000000001
2210,11.2
2211,9.8
2212,8.4
2213,10.36
2214,2.8
2215,9.52
2216,11.76
2217,10.0
2218,7.0
2219,10.0
2220,1.8
2221,14.44
2222,13.44
2223,12.88
2224,10.64
2225,3.24
2226,14.28
2227,14.840000000000002
2228,7.84
2229,10.080000000000002
2230,3.68
2231,3.92
2232,13.159999999999998
2233,14.56
2234,8.4
2235,2.24
2236,10.080000000000002
2237,6.6
2238,8.4
2239,8.12
2240,5.76
2241,2.8
2242,6.8
2243,3.64
2244,3.3600000000000003
2245,2.24
2246,1.96
2247,6.720000000000001
2248,1.96
2249,3.0800000000000005
2250,2.8
2251,6.160000000000001
2252,14.0
2253,2.5200000000000005
2254,4.92
2255,12.6
2256,10.0
2257,8.68
2258,7.0
2259,2.24
2260,7.84
2261,3.0800000000000005
2262,4.76
2263,5.6
2264,2.24
2265,4.48
2266,2.2
2267,2.24
2268,3.3600000000000003
2269,3.3600000000000003
2270,3.3600000000000003
2271,3.92
2272,7.279999999999999
2273,3.3600000000000003
2274,12.04
2275,9.4
2276,1.12
2277,1.6800000000000002
2278,8.4
2279,2.2
2280,2.5200000000000005
2281,7.279999999999999
2282,2.24
2283,5.32
2284,9.8
2285,1.6800000000000002
2286,1.4
2287,10.36
2288,7.279999999999999
2289,3.92
2290,1.4
2291,1.12
2292,1.6800000000000002
2293,5.040000000000001
2294,5.6
2295,5.040000000000001
2296,2.2
2297,5.040000000000001
2298,2.2
2299,6.720000000000001
2300,2.5200000000000005
2301,5.040000000000001
2302,5.6
2303,2.5200000000000005
2304,6.160000000000001
2305,1.4
2306,2.5200000000000005
2307,3.3600000000000003
2308,5.6
2309,5.040000000000001
2310,3.92
2311,5.88
2312,3.3600000000000003
2313,3.3600000000000003
2314,3.0800000000000005
2315,1.6800000000000002
2316,3.0800000000000005
2317,1.6800000000000002
2318,3.3600000000000003
2319,8.84
2320,1.96
2321,7.0
2322,8.6
2323,2.24
2324,7.720000000000001
2325,1.28
2326,1.6800000000000002
2327,2.8
2328,11.64
2329,4.48
2330,1.6800000000000002
2331,7.0
2332,2.24
2333,1.6800000000000002
2334,1.6800000000000002
2335,1.6800000000000002
2336,2.24
2337,2.24
2338,8.96
2339,4.2
2340,4.2
2341,2.8
2342,2.24
2343,3.92
2344,9.84
2345,6.319999999999999
2346,11.2
2347,10.080000000000002
2348,16.0
2349,8.68
2350,7.279999999999999
2351,9.8
2352,9.24
2353,6.319999999999998
2354,3.64
2355,10.080000000000002
2356,10.36
2357,11.2
2358,3.3600000000000003
2359,13.159999999999998
2360,5.6
2361,32.0
2362,3.3600000000000003
2363,3.0800000000000005
2364,1.12
2365,1.96
2366,2.24
2367,2.8
2368,2.8
2369,10.52
2370,1.4
2371,1.6800000000000002
2372,2.8
2373,3.0800000000000005
2374,5.040000000000001
2375,5.6
2376,8.4
2377,14.58
2378,2.24
2379,3.92
2380,3.3600000000000003
2381,1.6800000000000002
2382,2.8
2383,2.8
2384,1.96
2385,1.4
2386,5.6
2387,2.8
2388,3.3600000000000003
2389,5.6
2390,2.24
2391,1.12
2392,4.48
2393,3.3600000000000003
2394,2.8
2395,2.24
2396,1.6800000000000002
2397,1.6800000000000002
2398,1.6800000000000002
2399,2.24
2400,1.4
2401,1.6800000000000002
2402,2.8
2403,1.96
2404,3.3600000000000003
2405,2.8
2406,5.32
2407,2.5200000000000005
2408,4.76
2409,1.6800000000000002
2410,3.0800000000000005
2411,4.2
2412,1.4
2413,3.3600000000000003
2414,5.040000000000001
2415,3.64
2416,5.6
2417,5.88
2418,37.24
2419,11.919999999999998
2420,3.0800000000000005
2421,8.4
2422,3.64
2423,1.6800000000000002
2424,1.4
2425,2.2
2426,4.2
2427,12.76
2428,9.8
2429,5.6
2430,2.2
2431,4.48
2432,4.2
2433,4.48
2434,1.12
2435,2.24
2436,4.2
2437,4.48
2438,6.6
2439,11.76
2440,4.2
2441,9.52
2442,11.2
2443,2.8
2444,8.68
2445,1.6800000000000002
2446,3.92
2447,1.4
2448,3.92
2449,2.5200000000000005
2450,5.040000000000001
2451,3.3600000000000003
2452,1.4
2453,3.3600000000000003
2454,8.68
2455,2.5200000000000005
2456,1.12
2457,1.12
2458,2.8
2459,3.0800000000000005
2460,5.6
2461,3.92
2462,2.24
2463,1.96
2464,4.76
2465,4.2
2466,2.24
2467,1.4
2468,2.24
2469,1.12
2470,2.5200000000000005
2471,1.12
2472,13.04
2473,3.3600000000000003
2474,14.0
2475,2.8
2476,3.3600000000000003
2477,1.4
2478,1.4
2479,1.4
2480,1.6800000000000002
2481,3.3600000000000003
2482,1.4
2483,3.3600000000000003
2484,6.44
2485,5.88
2486,1.4
2487,2.8
2488,1.96
2489,2.24
2490,1.4
2491,2.5200000000000005
2492,4.2
2493,5.6
2494,2.8
2495,6.160000000000001
2496,3.3600000000000003
2497,2.8
2498,1.96
2499,1.96
2500,4.2
2501,2.5200000000000005
2502,2.8
2503,3.92
2504,2.5200000000000005
2505,1.4
2506,1.6800000000000002
2507,3.3600000000000003
2508,3.0800000000000005
2509,3.64
2510,1.6800000000000002
2511,6.44
2512,3.92
2513,1.96
2514,2.24
2515,3.0800000000000005
2516,4.48
2517,2.5200000000000005
2518,3.3600000000000003
2519,2.5200000000000005
2520,3.0800000000000005
2521,1.96
2522,2.8
2523,5.88
2524,1.6800000000000002
2525,3.0800000000000005
2526,1.96
2527,2.24
2528,1.96
2529,1.12
2530,1.12
2531,2.8
2532,1.6800000000000002
2533,3.92
2534,2.2
2535,4.2
2536,1.6800000000000002
2537,1.12
2538,14.0
2539,10.64
2540,12.320000000000002
2541,7.4
2542,3.3600000000000003
2543,1.6800000000000002
2544,6.8
2545,10.5
2546,5.040000000000001
2547,2.24
2548,11.2
2549,2.24
2550,2.8
2551,3.92
2552,5.88
2553,9.4
2554,6.160000000000001
2555,7.0
2556,3.92
2557,11.48
2558,3.8
2559,1.12
2560,2.24
2561,2.5200000000000005
2562,7.84
2563,2.2
2564,2.2
2565,4.76
2566,1.12
2567,1.96
2568,1.4
2569,14.0
2570,12.320000000000002
2571,9.52
2572,2.24
2573,1.96
2574,2.8
2575,1.4
2576,1.12
2577,2.24
2578,3.0800000000000005
2579,4.8
2580,3.64
2581,3.0800000000000005
2582,2.5200000000000005
2583,2.24
2584,3.0800000000000005
2585,1.96
2586,4.76
2587,3.92
2588,3.3600000000000003
2589,2.24
2590,3.64
2591,3.3600000000000003
2592,5.88
2593,3.0800000000000005
2594,2.24
2595,2.5200000000000005
2596,1.6800000000000002
2597,3.0800000000000005
2598,1.6800000000000002
2599,2.24
2600,2.8
2601,3.3600000000000003
2602,2.24
2603,3.3600000000000003
2604,6.160000000000001
2605,1.4
2606,2.24
2607,3.3600000000000003
2608,2.8
2609,4.76
2610,2.24
2611,2.8
2612,3.3600000000000003
2613,1.4
2614,3.64
2615,3.3600000000000003
2616,3.0800000000000005
2617,2.5200000000000005
2618,2.8
2619,1.6800000000000002
2620,2.24
2621,6.8
2622,4.48
2623,1.6800000000000002
2624,2.8
2625,1.96
2626,1.96
2627,4.76
2628,7.0
2629,4.2
2630,6.160000000000001
2631,7.0
2632,8.12
2633,9.24
2634,11.48
2635,1.64
2636,11.48
2637,8.28
2638,6.540000000000001
2639,9.52
2640,15.56
2641,14.56
2642,5.88
2643,6.319999999999999
2644,7.880000000000001
2645,8.4
2646,15.68
2647,2.24
2648,5.88
2649,7.0
2650,4.36
2651,9.24
2652,11.48
2653,9.8
2654,2.5200000000000005
2655,8.12
2656,12.88
2657,6.2
2658,8.8
2659,14.28
2660,2.24
2661,1.6800000000000002
2662,1.12
2663,1.6800000000000002
2664,4.48
2665,3.92
2666,3.64
2667,3.3600000000000003
2668,10.4
2669,6.6
2670,4.36
2671,2.4
2672,1.4
2673,4.76
2674,3.92
2675,12.6
2676,3.64
2677,2.8
2678,2.5200000000000005
2679,3.3600000000000003
2680,2.5200000000000005
2681,1.6800000000000002
2682,1.96
2683,1.4
2684,2.24
2685,4.2
2686,1.6800000000000002
2687,5.6
2688,2.8
2689,2.5200000000000005
2690,3.92
2691,1.96
2692,3.0800000000000005
2693,2.5200000000000005
2694,2.8
2695,1.96
2696,1.6800000000000002
2697,6.8
2698,2.24
2699,1.6800000000000002
2700,2.5200000000000005
2701,5.040000000000001
2702,1.96
2703,2.8
2704,3.64
2705,3.3600000000000003
2706,11.64
2707,5.88
2708,6.720000000000001
2709,4.76
2710,7.84
2711,9.8
2712,13.72
2713,4.08
2714,4.64
2715,4.08
2716,10.0
2717,8.96
2718,3.92
2719,1.12
2720,4.2
2721,4.48
2722,9.24
2723,2.5200000000000005
2724,8.4
2725,2.2
2726,2.7
2727,4.2
2728,9.8
2729,1.6800000000000002
2730,3.0800000000000005
2731,1.12
2732,5.32
2733,1.96
2734,2.8
2735,1.12
2736,2.5200000000000005
2737,11.2
2738,1.12
2739,3.0800000000000005
2740,14.0
2741,5.36
2742,4.48
2743,1.96
2744,2.8
2745,2.8
2746,10.36
2747,13.72
2748,9.52
2749,3.3600000000000003
2750,5.6
2751,1.96
2752,4.2
2753,12.6
2754,4.76
2755,4.48
2756,2.8
2757,5.040000000000001
2758,5.040000000000001
2759,10.080000000000002
2760,4.48
2761,3.92
2762,3.64
2763,5.88
2764,6.720000000000001
2765,7.56
2766,9.8
2767,4.76
2768,8.68
2769,2.5200000000000005
2770,2.8
2771,8.4
2772,7.0
2773,5.040000000000001
2774,1.4
2775,1.4
2776,2.8
2777,3.92
2778,2.8
2779,4.76
2780,2.5200000000000005
2781,4.2
2782,7.56
2783,1.96
2784,3.0800000000000005
2785,7.84
2786,11.2
2787,9.24
2788,2.8
2789,3.0800000000000005
2790,4.28
2791,12.36
2792,7.56
2793,1.6800000000000002
2794,9.4
2795,4.2
2796,4.2
2797,12.04
2798,8.12
2799,8.4
2800,2.2
2801,8.74
2802,1.6800000000000002
2803,4.76
2804,13.2
2805,3.64
2806,3.3600000000000003
2807,5.32
2808,2.8
2809,8.4
2810,4.76
2811,1.4
2812,1.6800000000000002
2813,1.4
2814,1.4
2815,2.5200000000000005
2816,1.12
2817,1.4
2818,2.8
2819,6.8
2820,8.4
2821,2.24
2822,9.12
2823,12.7
2824,1.4
2825,3.0800000000000005
2826,3.0800000000000005
2827,8.4
2828,8.56
2829,6.44
2830,7.279999999999999
2831,2.24
2832,1.96
2833,4.2
2834,1.6800000000000002
2835,4.76
2836,4.48
2837,12.04
2838,2.2
2839,9.8
2840,2.24
2841,3.3600000000000003
2842,3.0800000000000005
2843,2.24
2844,3.0800000000000005
2845,5.040000000000001
2846,5.32
2847,11.2
2848,2.8
2849,2.8
2850,2.24
2851,2.8
2852,3.0800000000000005
2853,2.5200000000000005
2854,4.48
2855,3.92
2856,3.3600000000000003
2857,3.3600000000000003
2858,1.4
2859,2.24
2860,2.24
2861,2.8
2862,5.32
2863,12.320000000000002
2864,1.6800000000000002
2865,1.96
2866,1.4
2867,8.96
2868,2.8
2869,9.52
2870,1.6800000000000002
2871,3.92
2872,11.2
2873,6.160000000000001
2874,2.5200000000000005
2875,13.159999999999998
2876,12.6
2877,5.2
2878,2.8
2879,3.64
2880,1.6800000000000002
2881,9.14
2882,7.0
2883,2.2
2884,3.3600000000000003
2885,2.8
2886,1.4
2887,1.12
2888,0.8400000000000001
2889,4.48
2890,6.720000000000001
2891,1.4
2892,1.4
2893,1.6800000000000002
2894,9.68
2895,7.0
2896,1.6800000000000002
2897,6.44
2898,7.279999999999999
2899,4.76
2900,5.6
2901,6.44
2902,9.24
2903,1.4
2904,2.8
2905,3.64
2906,3.3600000000000003
2907,2.8
2908,3.92
2909,1.4
2910,1.6800000000000002
2911,3.92
2912,7.0
2913,3.3600000000000003
2914,4.76
2915,1.96
2916,1.4
2917,1.6800000000000002
2918,1.6800000000000002
2919,4.2
2920,5.6
2921,2.8
2922,15.0
2923,11.2
2924,2.24
2925,6.44
2926,2.5200000000000005
2927,6.8
2928,1.12
2929,1.12
2930,1.4
2931,1.12
2932,15.68
2933,14.28
2934,9.8
2935,10.080000000000002
2936,15.12
2937,2.8
2938,1.12
2939,8.84
2940,6.720000000000001
2941,2.24
2942,8.4
2943,1.4
2944,1.6800000000000002
2945,9.24
2946,6.04
2947,2.8
2948,4.2
2949,7.279999999999999
2950,2.8
2951,4.48
2952,11.48
2953,8.4
2954,13.44
2955,2.8
2956,2.8
2957,2.8
2958,2.2
2959,4.76
2960,9.24
2961,6.44
2962,3.8
2963,8.96
2964,12.88
2965,13.46
2966,8.12
2967,10.64
2968,5.48
2969,3.92
2970,1.96
2971,1.6800000000000002
2972,2.5200000000000005
2973,3.64
2974,1.4
2975,4.2
2976,5.6
2977,6.720000000000001
2978,4.76
2979,8.12
2980,5.640000000000001
2981,10.52
2982,10.36
2983,14.0
2984,6.720000000000001
2985,2.5200000000000005
2986,2.24
2987,10.919999999999998
2988,8.68
2989,5.6
2990,5.6
2991,6.160000000000001
2992,5.6
2993,4.92
2994,5.6
2995,6.44
2996,4.48
2997,10.0
2998,3.24
2999,2.24
3000,3.0800000000000005
3001,8.68
3002,14.840000000000002
3003,3.3600000000000003
3004,4.64
3005,1.4
3006,1.12
3007,8.12
3008,11.48
3009,8.96
3010,5.32
3011,7.0
3012,1.12
3013,1.92
3014,7.0
3015,14.0
3016,10.919999999999998
3017,5.88
3018,1.12
3019,2.2
3020,2.2
3021,1.4
3022,28.0
3023,21.0
3024,5.6
3025,5.88
3026,7.0
3027,6.720000000000001
3028,3.64
3029,4.2
3030,4.48
3031,3.3600000000000003
3032,3.92
3033,4.48
3034,3.92
3035,1.96
3036,2.24
3037,2.8
3038,4.2
3039,2.8
3040,1.96
3041,3.0800000000000005
3042,5.040000000000001
3043,2.24
3044,8.4
3045,3.0800000000000005
3046,9.68
3047,13.72
3048,3.0800000000000005
3049,1.6800000000000002
3050,4.64
3051,2.5200000000000005
3052,1.12
3053,10.36
3054,2.8
3055,3.64
3056,5.040000000000001
3057,1.4
3058,1.6800000000000002
3059,3.92
3060,2.8
3061,1.4
3062,11.2
3063,4.48
3064,2.5200000000000005
3065,2.24
3066,11.2
3067,2.8
3068,1.4
3069,7.0
3070,2.24
3071,2.24
3072,3.92
3073,3.3600000000000003
3074,1.96
3075,10.64
3076,3.3600000000000003
3077,2.8
3078,8.68
3079,5.6
3080,14.28
3081,15.44
3082,8.6
3083,11.2
3084,2.5200000000000005
3085,5.6
3086,4.48
3087,6.720000000000001
3088,5.88
3089,1.12
3090,4.2
3091,5.32
3092,6.160000000000001
3093,4.48
3094,6.160000000000001
3095,6.44
3096,7.279999999999999
3097,9.52
3098,1.96
3099,8.4
3100,2.2
3101,4.76
3102,1.6800000000000002
3103,2.2
3104,1.12
3105,1.4
3106,3.0800000000000005
3107,4.8
3108,4.76
3109,10.080000000000002
3110,5.32
3111,7.0
3112,3.92
3113,2.24
3114,12.6
3115,9.24
3116,7.0
3117,2.94
3118,1.12
3119,9.52
3120,2.24
3121,7.0
3122,5.6
3123,2.8
3124,2.24
3125,8.4
3126,4.2
3127,2.5200000000000005
3128,2.2
3129,4.2
3130,14.0
3131,1.92
3132,7.279999999999999
3133,6.720000000000001
3134,13.72
3135,1.96
3136,1.96
3137,2.8
3138,4.2
3139,4.2
3140,2.8
3141,5.040000000000001
3142,2.8
3143,4.2
3144,3.3600000000000003
3145,8.96
3146,9.4
3147,1.4
3148,2.8
3149,4.2
3150,13.44
3151,2.5200000000000005
3152,2.8
3153,3.92
3154,3.64
3155,2.8
3156,1.12
3157,2.24
3158,2.24
3159,6.160000000000001
3160,8.4
3161,7.279999999999999
3162,1.96
3163,8.4
3164,11.2
3165,13.2
3166,6.44
3167,2.24
3168,12.320000000000002
3169,5.6
3170,12.88
3171,1.6800000000000002
3172,1.12
3173,1.6800000000000002
3174,4.48
3175,2.8
3176,3.0800000000000005
3177,4.2
3178,4.48
3179,2.8
3180,3.0800000000000005
3181,2.8
3182,3.64
3183,9.4
3184,6.44
3185,5.0
3186,6.160000000000001
3187,3.64
3188,2.8
3189,3.3600000000000003
3190,3.92
3191,3.0800000000000005
3192,1.12
3193,2.24
3194,6.720000000000001
3195,6.8
3196,1.12
3197,6.44
3198,8.4
3199,1.96
3200,1.96
3201,8.84
3202,6.160000000000001
3203,1.4
3204,4.2
3205,6.160000000000001
3206,1.6800000000000002
3207,2.5200000000000005
3208,1.6800000000000002
3209,1.6800000000000002
3210,8.96
3211,2.2
3212,2.8
3213,4.2
3214,1.96
3215,2.5200000000000005
3216,6.160000000000001
3217,7.84
3218,2.24
3219,3.0800000000000005
3220,5.48
3221,4.2
3222,2.8
3223,5.6
3224,11.2
3225,12.6
3226,1.4
3227,2.24
3228,1.12
3229,1.4
3230,2.5200000000000005
3231,7.0
3232,6.160000000000001
3233,2.8
3234,3.3600000000000003
3235,14.0
3236,8.6
3237,5.6
3238,5.32
3239,1.6800000000000002
3240,1.6800000000000002
3241,3.0800000000000005
3242,9.8
3243,2.8
3244,1.4
3245,4.2
3246,6.8
3247,2.8
3248,2.24
3249,3.0800000000000005
3250,3.3600000000000003
3251,6.8
3252,3.92
3253,3.3600000000000003
3254,1.4
3255,2.5200000000000005
3256,8.4
3257,3.8
3258,9.36
3259,0.96
3260,2.8
3261,14.0
3262,2.24
3263,1.4
3264,2.8
3265,5.6
3266,6.8
3267,3.0800000000000005
3268,2.2
3269,3.3600000000000003
3270,3.64
3271,1.12
3272,1.6800000000000002
3273,1.6800000000000002
3274,3.92
3275,4.2
3276,4.76
3277,2.5200000000000005
3278,1.96
3279,1.12
3280,7.279999999999999
3281,21.84
3282,8.84
3283,14.0
3284,8.84
3285,1.96
3286,3.0800000000000005
3287,1.12
3288,1.96
3289,4.2
3290,3.8
3291,14.44
3292,14.44
3293,14.0
3294,14.56
3295,14.0
3296,3.8
3297,3.0800000000000005
3298,1.96
3299,3.0
3300,12.88
3301,14.0
3302,2.24
3303,1.12
3304,14.56
3305,10.64
3306,6.6
3307,6.319999999999999
3308,9.4
3309,1.12
3310,4.2
3311,1.96
3312,6.8
3313,3.0800000000000005
3314,1.96
3315,2.24
