Posicao,ID_Beneficiario,Pessoas_Atendidas,Capacidade,Dias_Autonomia,Manancial_Alocado
1,1417,1,16.0,800.0,0
2,460,1,16.0,800.0,0
3,43,1,16.0,800.0,0
4,2544,2,16.0,400.0,0
5,2697,2,16.0,400.0,0
6,3246,2,16.0,400.0,0
7,1840,2,16.0,400.0,0
8,1936,2,16.0,400.0,0
9,3312,2,16.0,400.0,0
10,1599,2,16.0,400.0,0
11,682,2,16.0,400.0,0
12,1430,2,16.0,400.0,0
13,513,2,16.0,400.0,0
14,511,2,16.0,400.0,0
15,1262,2,16.0,400.0,0
16,1258,2,16.0,400.0,0
17,3195,2,16.0,400.0,0
18,488,2,16.0,400.0,0
19,1204,2,16.0,400.0,0
20,675,2,16.0,400.0,0
21,1426,2,16.0,400.0,0
22,2242,2,16.0,400.0,0
23,2927,2,16.0,400.0,0
24,2621,2,16.0,400.0,0
25,3251,2,16.0,400.0,0
26,2819,2,16.0,400.0,0
27,3266,2,16.0,400.0,0
28,40,2,16.0,400.0,0
29,1673,2,16.0,400.0,0
30,1263,2,16.0,400.0,0
31,3066,8,48.0,300.0,49
32,2322,9,50.0,277.78,20
33,966,3,16.0,266.67,7
34,3019,3,16.0,266.67,25
35,875,3,16.0,266.67,1
36,878,3,16.0,266.67,29
37,2057,3,16.0,266.67,60
38,1932,3,16.0,266.67,56
39,150,3,16.0,266.67,71
40,163,3,16.0,266.67,74
41,2800,3,16.0,266.67,83
42,3103,3,16.0,266.67,68
43,1272,3,16.0,266.67,8
44,2298,3,16.0,266.67,54
45,2958,3,16.0,266.67,40
46,1206,3,16.0,266.67,11
47,2725,3,16.0,266.67,18
48,122,3,16.0,266.67,36
49,1142,3,16.0,266.67,59
50,1723,3,16.0,266.67,47
51,2266,3,16.0,266.67,23
52,3020,3,16.0,266.67,80
53,372,3,16.0,266.67,14
54,2279,3,16.0,266.67,88
55,1602,3,16.0,266.67,44
56,2296,3,16.0,266.67,87
57,2564,3,16.0,266.67,88
58,1966,3,16.0,266.67,36
59,2883,3,16.0,266.67,87
60,1691,3,16.0,266.67,9
61,509,3,16.0,266.67,89
62,3128,3,16.0,266.67,73
63,1907,3,16.0,266.67,39
64,912,3,16.0,266.67,72
65,2838,3,16.0,266.67,87
66,3100,3,16.0,266.67,67
67,3268,3,16.0,266.67,37
68,832,3,16.0,266.67,50
69,56,3,16.0,266.67,4
70,58,3,16.0,266.67,83
71,1112,3,16.0,266.67,7
72,1116,3,16.0,266.67,32
73,1462,3,16.0,266.67,12
74,257,3,16.0,266.67,67
75,880,3,16.0,266.67,30
76,854,3,16.0,266.67,21
77,2563,3,16.0,266.67,75
78,508,3,16.0,266.67,74
79,496,3,16.0,266.67,15
80,2534,3,16.0,266.67,41
81,459,3,16.0,266.67,19
82,2430,3,16.0,266.67,25
83,195,3,16.0,266.67,13
84,1222,3,16.0,266.67,6
85,3211,3,16.0,266.67,77
86,2425,3,16.0,266.67,12
87,1201,3,16.0,266.67,91
88,1842,4,20.0,250.0,30
89,112,6,30.0,250.0,18
90,1143,5,22.0,220.0,76
91,1872,7,30.0,214.29,69
92,2719,4,16.0,200.0,69
93,1366,4,16.0,200.0,87
94,2731,4,16.0,200.0,27
95,3012,4,16.0,200.0,26
96,353,4,16.0,200.0,2
97,3052,4,16.0,200.0,47
98,3018,4,16.0,200.0,18
99,1213,4,16.0,200.0,2
100,1603,4,16.0,200.0,81
101,1849,4,16.0,200.0,58
102,2559,4,16.0,200.0,27
103,1935,4,16.0,200.0,18
104,951,5,20.0,200.0,42
105,1827,4,16.0,200.0,9
106,1252,4,16.0,200.0,78
107,2001,4,16.0,200.0,70
108,2007,4,16.0,200.0,39
109,1268,4,16.0,200.0,10
110,2391,4,16.0,200.0,73
111,803,4,16.0,200.0,92
112,3279,4,16.0,200.0,27
113,3287,4,16.0,200.0,17
114,373,4,16.0,200.0,56
115,2276,4,16.0,200.0,76
116,795,4,16.0,200.0,2
117,2566,4,16.0,200.0,58
118,1336,4,16.0,200.0,28
119,1410,4,16.0,200.0,72
120,680,3,12.0,200.0,88
121,2738,4,16.0,200.0,47
122,2928,4,16.0,200.0,60
123,1250,4,16.0,200.0,68
124,3104,4,16.0,200.0,87
125,1220,4,16.0,200.0,69
126,2434,4,16.0,200.0,66
127,2537,4,16.0,200.0,39
128,2471,4,16.0,200.0,15
129,1026,4,16.0,200.0,16
130,883,4,16.0,200.0,84
131,865,4,16.0,200.0,40
132,879,4,16.0,200.0,36
133,3228,4,16.0,200.0,1
134,1929,4,16.0,200.0,14
135,2469,4,16.0,200.0,13
136,2816,4,16.0,200.0,48
137,1198,4,16.0,200.0,59
138,2662,4,16.0,200.0,92
139,1228,4,16.0,200.0,5
140,1235,4,16.0,200.0,80
141,2938,4,16.0,200.0,9
142,461,4,16.0,200.0,4
143,463,4,16.0,200.0,22
144,2931,4,16.0,200.0,7
145,2929,4,16.0,200.0,13
146,281,4,16.0,200.0,26
147,687,4,16.0,200.0,66
148,171,4,16.0,200.0,80
149,3089,4,16.0,200.0,36
150,139,4,16.0,200.0,71
151,2735,4,16.0,200.0,6
152,1429,4,16.0,200.0,24
153,510,4,16.0,200.0,11
154,1880,4,16.0,200.0,29
155,887,4,16.0,200.0,54
156,888,4,16.0,200.0,59
157,2529,4,16.0,200.0,51
158,2530,4,16.0,200.0,8
159,3192,4,16.0,200.0,79
160,3118,4,16.0,200.0,25
161,906,4,16.0,200.0,88
162,1264,4,16.0,200.0,83
163,2364,4,16.0,200.0,76
164,522,4,16.0,200.0,91
165,235,4,16.0,200.0,54
166,3172,4,16.0,200.0,8
167,3156,4,16.0,200.0,18
168,188,4,16.0,200.0,47
169,2457,4,16.0,200.0,17
170,1448,4,16.0,200.0,79
171,3303,4,16.0,200.0,49
172,3309,4,16.0,200.0,78
173,2887,4,16.0,200.0,1
174,255,4,16.0,200.0,42
175,2888,3,12.0,200.0,25
176,2456,4,16.0,200.0,91
177,1055,4,16.0,200.0,14
178,1479,4,16.0,200.0,24
179,2291,4,16.0,200.0,1
180,3006,4,16.0,200.0,14
181,358,4,16.0,200.0,3
182,39,4,16.0,200.0,12
183,46,4,16.0,200.0,49
184,2286,5,20.0,200.0,17
185,2576,4,16.0,200.0,86
186,3271,4,16.0,200.0,49
187,1010,8,27.0,168.75,77
188,3038,15,50.0,166.67,10
189,769,9,30.0,166.67,89
190,457,3,10.0,166.67,19
191,3254,5,16.0,160.0,4
192,1137,5,16.0,160.0,38
193,3021,5,16.0,160.0,82
194,3005,5,16.0,160.0,78
195,1795,5,16.0,160.0,60
196,3263,5,16.0,160.0,43
197,1313,5,16.0,160.0,58
198,2575,5,16.0,160.0,47
199,2290,5,16.0,160.0,63
200,1122,5,16.0,160.0,62
201,48,5,16.0,160.0,2
202,37,5,16.0,160.0,88
203,1812,5,16.0,160.0,12
204,2892,5,16.0,160.0,16
205,2903,5,16.0,160.0,46
206,1912,5,16.0,160.0,23
207,1893,5,16.0,160.0,3
208,3105,5,16.0,160.0,69
209,1906,5,16.0,160.0,25
210,2452,5,16.0,160.0,68
211,1446,5,16.0,160.0,75
212,911,5,16.0,160.0,29
213,885,5,16.0,160.0,62
214,2891,5,16.0,160.0,84
215,2151,5,16.0,160.0,44
216,910,5,16.0,160.0,69
217,1450,5,16.0,160.0,81
218,2858,5,16.0,160.0,57
219,1467,5,16.0,160.0,71
220,1445,5,16.0,160.0,60
221,3147,5,16.0,160.0,30
222,2477,5,16.0,160.0,62
223,2370,5,16.0,160.0,66
224,527,5,16.0,160.0,52
225,503,5,16.0,160.0,57
226,1917,5,16.0,160.0,62
227,3068,5,16.0,160.0,84
228,1883,5,16.0,160.0,83
229,1692,5,16.0,160.0,44
230,2909,5,16.0,160.0,39
231,2101,5,16.0,160.0,9
232,1443,5,16.0,160.0,64
233,1695,5,16.0,160.0,78
234,1226,5,16.0,160.0,23
235,1413,5,16.0,160.0,58
236,946,5,16.0,160.0,38
237,483,5,16.0,160.0,44
238,458,5,16.0,160.0,2
239,2189,5,16.0,160.0,38
240,491,5,16.0,160.0,49
241,493,5,16.0,160.0,22
242,2775,5,16.0,160.0,45
243,2385,5,16.0,160.0,61
244,869,5,16.0,160.0,41
245,1416,5,16.0,160.0,27
246,2811,5,16.0,160.0,49
247,490,5,16.0,160.0,49
248,2813,5,16.0,160.0,71
249,2817,5,16.0,160.0,75
250,2078,5,16.0,160.0,23
251,2067,5,16.0,160.0,80
252,475,5,16.0,160.0,90
253,3061,5,16.0,160.0,17
254,2486,5,16.0,160.0,53
255,2490,5,16.0,160.0,88
256,1018,5,16.0,160.0,3
257,1021,5,16.0,160.0,87
258,1925,5,16.0,160.0,79
259,1930,5,16.0,160.0,62
260,3226,5,16.0,160.0,30
261,154,5,16.0,160.0,82
262,2467,5,16.0,160.0,53
263,1259,5,16.0,160.0,28
264,2199,5,16.0,160.0,84
265,2814,5,16.0,160.0,54
266,1729,5,16.0,160.0,32
267,2774,5,16.0,160.0,88
268,1351,5,16.0,160.0,53
269,1352,5,16.0,160.0,56
270,3203,5,16.0,160.0,63
271,161,5,16.0,160.0,17
272,932,5,16.0,160.0,86
273,451,5,16.0,160.0,83
274,2916,5,16.0,160.0,71
275,2930,5,16.0,160.0,90
276,1593,5,16.0,160.0,73
277,2505,5,16.0,160.0,16
278,2478,5,16.0,160.0,75
279,3057,5,16.0,160.0,29
280,2482,5,16.0,160.0,80
281,446,5,16.0,160.0,63
282,447,5,16.0,160.0,41
283,2943,5,16.0,160.0,3
284,2037,5,16.0,160.0,73
285,2424,5,16.0,160.0,84
286,2672,5,16.0,160.0,35
287,2683,5,16.0,160.0,56
288,1364,5,16.0,160.0,4
289,1367,5,16.0,160.0,49
290,1369,5,16.0,160.0,15
291,1371,5,16.0,160.0,53
292,1349,5,16.0,160.0,47
293,1350,5,16.0,160.0,8
294,156,5,16.0,160.0,70
295,2479,5,16.0,160.0,71
296,3244,5,16.0,160.0,79
297,3247,10,32.0,160.0,80
298,120,5,16.0,160.0,1
299,3229,5,16.0,160.0,47
300,1152,5,16.0,160.0,86
301,2412,5,16.0,160.0,72
302,1207,5,16.0,160.0,48
303,121,5,16.0,160.0,35
304,355,5,16.0,160.0,5
305,371,5,16.0,160.0,73
306,1831,5,16.0,160.0,56
307,1756,5,16.0,160.0,1
308,1837,5,16.0,160.0,41
309,2613,5,16.0,160.0,47
310,1362,5,16.0,160.0,2
311,1271,5,16.0,160.0,80
312,2400,5,16.0,160.0,79
313,2305,5,16.0,160.0,80
314,2605,5,16.0,160.0,1
315,772,5,16.0,160.0,54
316,779,5,16.0,160.0,53
317,2568,5,16.0,160.0,68
318,1960,5,16.0,160.0,47
319,1598,5,16.0,160.0,66
320,387,5,16.0,160.0,13
321,2974,5,16.0,160.0,76
322,1215,5,16.0,160.0,82
323,1963,5,16.0,160.0,56
324,403,5,16.0,160.0,84
325,377,5,16.0,160.0,34
326,82,5,16.0,160.0,25
327,79,5,16.0,160.0,51
328,52,6,18.0,150.0,48
329,3196,4,12.0,150.0,22
330,2041,9,26.0,144.44,63
331,3171,6,17.0,141.67,32
332,1392,11,30.0,136.36,32
333,1119,6,16.0,133.33,37
334,3206,6,16.0,133.33,74
335,368,6,16.0,133.33,63
336,1169,6,16.0,133.33,92
337,190,6,16.0,133.33,3
338,1407,6,16.0,133.33,61
339,2971,6,16.0,133.33,20
340,404,6,16.0,133.33,66
341,402,6,16.0,133.33,2
342,350,6,16.0,133.33,67
343,345,6,16.0,133.33,22
344,1973,6,16.0,133.33,20
345,1581,6,16.0,133.33,7
346,1961,6,16.0,133.33,82
347,1876,6,16.0,133.33,69
348,197,6,16.0,133.33,19
349,2812,6,16.0,133.33,79
350,2802,6,16.0,133.33,54
351,2381,6,16.0,133.33,23
352,1341,6,16.0,133.33,22
353,2277,6,16.0,133.33,92
354,2333,6,16.0,133.33,50
355,2334,6,16.0,133.33,25
356,981,6,16.0,133.33,21
357,2396,6,16.0,133.33,39
358,2292,6,16.0,133.33,86
359,1570,6,16.0,133.33,27
360,2194,6,16.0,133.33,56
361,2173,6,16.0,133.33,2
362,2864,6,16.0,133.33,87
363,1415,6,16.0,133.33,2
364,2834,6,16.0,133.33,19
365,186,6,16.0,133.33,74
366,2398,6,16.0,133.33,72
367,2401,6,16.0,133.33,3
368,1237,6,16.0,133.33,57
369,1238,6,16.0,133.33,30
370,3049,6,16.0,133.33,16
371,352,6,16.0,133.33,44
372,2944,6,16.0,133.33,11
373,2035,6,16.0,133.33,8
374,1208,6,16.0,133.33,19
375,435,6,16.0,133.33,24
376,1957,6,16.0,133.33,91
377,450,6,16.0,133.33,85
378,949,6,16.0,133.33,80
379,3173,6,16.0,133.33,43
380,2793,6,16.0,133.33,84
381,2532,6,16.0,133.33,31
382,1556,15,40.0,133.33,4
383,2397,6,16.0,133.33,54
384,167,6,16.0,133.33,79
385,172,6,16.0,133.33,72
386,1594,6,16.0,133.33,92
387,1202,6,16.0,133.33,33
388,1953,6,16.0,133.33,65
389,2918,6,16.0,133.33,49
390,2917,6,16.0,133.33,63
391,1199,6,16.0,133.33,91
392,1269,6,16.0,133.33,32
393,2317,6,16.0,133.33,3
394,2506,6,16.0,133.33,72
395,2524,6,16.0,133.33,55
396,3058,6,16.0,133.33,60
397,2623,6,16.0,133.33,37
398,2619,6,16.0,133.33,71
399,3239,6,16.0,133.33,51
400,2661,6,16.0,133.33,10
401,91,6,16.0,133.33,37
402,2880,6,16.0,133.33,68
403,572,6,16.0,133.33,40
404,2870,6,16.0,133.33,85
405,1390,6,16.0,133.33,6
406,1871,6,16.0,133.33,91
407,256,6,16.0,133.33,25
408,254,6,16.0,133.33,76
409,924,6,16.0,133.33,61
410,886,6,16.0,133.33,4
411,2893,6,16.0,133.33,83
412,1490,6,16.0,133.33,90
413,2118,6,16.0,133.33,75
414,1460,6,16.0,133.33,90
415,1988,6,16.0,133.33,40
416,2153,6,16.0,133.33,35
417,492,6,16.0,133.33,15
418,1732,6,16.0,133.33,61
419,489,6,16.0,133.33,23
420,1125,6,16.0,133.33,33
421,1254,6,16.0,133.33,49
422,1283,6,16.0,133.33,78
423,1724,6,16.0,133.33,58
424,1899,6,16.0,133.33,16
425,160,6,16.0,133.33,3
426,155,6,16.0,133.33,14
427,1379,6,16.0,133.33,92
428,1368,6,16.0,133.33,52
429,2696,6,16.0,133.33,53
430,2686,6,16.0,133.33,73
431,938,6,16.0,133.33,20
432,1243,6,16.0,133.33,59
433,1242,6,16.0,133.33,14
434,1240,6,16.0,133.33,15
435,931,6,16.0,133.33,46
436,3102,6,16.0,133.33,52
437,1614,6,16.0,133.33,8
438,1607,6,16.0,133.33,50
439,1915,6,16.0,133.33,80
440,2068,6,16.0,133.33,5
441,2371,6,16.0,133.33,62
442,1913,6,16.0,133.33,45
443,518,6,16.0,133.33,69
444,516,6,16.0,133.33,2
445,1494,6,16.0,133.33,75
446,2910,6,16.0,133.33,11
447,1157,6,16.0,133.33,36
448,2896,6,16.0,133.33,11
449,1922,6,16.0,133.33,15
450,531,6,16.0,133.33,25
451,484,6,16.0,133.33,30
452,2681,6,16.0,133.33,51
453,2663,6,16.0,133.33,7
454,2699,6,16.0,133.33,35
455,2729,6,16.0,133.33,49
456,2423,6,16.0,133.33,19
457,2409,6,16.0,133.33,4
458,1146,6,16.0,133.33,84
459,1245,6,16.0,133.33,29
460,3272,6,16.0,133.33,82
461,814,6,16.0,133.33,60
462,2598,6,16.0,133.33,36
463,2596,6,16.0,133.33,87
464,1121,6,16.0,133.33,10
465,1418,6,16.0,133.33,7
466,873,6,16.0,133.33,11
467,895,6,16.0,133.33,36
468,2543,6,16.0,133.33,13
469,2536,6,16.0,133.33,53
470,3209,6,16.0,133.33,39
471,3208,6,16.0,133.33,76
472,2330,6,16.0,133.33,60
473,2326,6,16.0,133.33,66
474,2285,6,16.0,133.33,51
475,2315,6,16.0,133.33,91
476,806,6,16.0,133.33,23
477,1304,6,16.0,133.33,67
478,8,6,16.0,133.33,32
479,3273,6,16.0,133.33,75
480,2824,5,13.0,130.0,11
481,3024,20,52.0,130.0,72
482,1124,10,25.0,125.0,52
483,1802,8,20.0,125.0,35
484,1012,4,10.0,125.0,1
485,3025,21,52.0,123.81,39
486,2866,5,12.0,120.0,50
487,2886,5,12.0,120.0,65
488,215,22,52.0,118.18,82
489,2393,12,28.0,116.67,60
490,2522,10,23.0,115.0,56
491,3278,7,16.0,114.29,71
492,3285,7,16.0,114.29,84
493,50,7,16.0,114.29,69
494,1302,7,16.0,114.29,77
495,1216,7,16.0,114.29,57
496,2585,7,16.0,114.29,27
497,54,7,16.0,114.29,47
498,810,7,16.0,114.29,85
499,526,7,16.0,114.29,52
500,470,7,16.0,114.29,75
501,473,7,16.0,114.29,86
502,2099,7,16.0,114.29,81
503,1507,7,16.0,114.29,89
504,2365,7,16.0,114.29,13
505,498,7,16.0,114.29,30
506,2488,7,16.0,114.29,71
507,1008,7,16.0,114.29,74
508,3074,7,16.0,114.29,92
509,2521,7,16.0,114.29,15
510,136,7,16.0,114.29,70
511,2682,7,16.0,114.29,67
512,1357,7,16.0,114.29,55
513,1139,7,16.0,114.29,83
514,388,7,16.0,114.29,6
515,2695,7,16.0,114.29,3
516,2691,7,16.0,114.29,31
517,1898,7,16.0,114.29,8
518,1370,7,16.0,114.29,35
519,2915,7,16.0,114.29,55
520,934,7,16.0,114.29,51
521,1231,7,16.0,114.29,69
522,157,7,16.0,114.29,32
523,2626,7,16.0,114.29,81
524,1270,7,16.0,114.29,15
525,3214,7,16.0,114.29,39
526,1747,7,16.0,114.29,77
527,133,7,16.0,114.29,67
528,487,7,16.0,114.29,86
529,2116,7,16.0,114.29,47
530,232,7,16.0,114.29,63
531,1491,7,16.0,114.29,92
532,1885,7,16.0,114.29,61
533,1447,7,16.0,114.29,6
534,1889,7,16.0,114.29,92
535,923,7,16.0,114.29,64
536,928,7,16.0,114.29,83
537,1908,7,16.0,114.29,72
538,884,7,16.0,114.29,11
539,1909,7,16.0,114.29,45
540,1870,7,16.0,114.29,22
541,3135,7,16.0,114.29,66
542,3098,7,16.0,114.29,16
543,1244,7,16.0,114.29,57
544,2733,7,16.0,114.29,16
545,1160,7,16.0,114.29,55
546,2463,7,16.0,114.29,82
547,95,7,16.0,114.29,52
548,449,7,16.0,114.29,40
549,2865,7,16.0,114.29,84
550,587,7,16.0,114.29,91
551,2702,7,16.0,114.29,84
552,3200,7,16.0,114.29,31
553,307,7,16.0,114.29,36
554,1337,7,16.0,114.29,84
555,2528,7,16.0,114.29,85
556,1209,7,16.0,114.29,44
557,2567,7,16.0,114.29,64
558,2320,7,16.0,114.29,77
559,2573,7,16.0,114.29,42
560,478,7,16.0,114.29,16
561,2625,7,16.0,114.29,49
562,1338,7,16.0,114.29,50
563,882,7,16.0,114.29,91
564,1042,7,16.0,114.29,60
565,2751,7,16.0,114.29,73
566,2783,7,16.0,114.29,58
567,3162,7,16.0,114.29,18
568,1655,7,16.0,114.29,91
569,950,7,16.0,114.29,20
570,2743,7,16.0,114.29,90
571,1214,7,16.0,114.29,65
572,1959,7,16.0,114.29,31
573,1600,7,16.0,114.29,38
574,337,7,16.0,114.29,80
575,3035,7,16.0,114.29,5
576,1524,7,16.0,114.29,3
577,2526,7,16.0,114.29,5
578,3040,7,16.0,114.29,5
579,1266,7,16.0,114.29,90
580,1265,7,16.0,114.29,91
581,1257,7,16.0,114.29,5
582,1449,7,16.0,114.29,61
583,1442,7,16.0,114.29,41
584,180,7,16.0,114.29,48
585,2832,7,16.0,114.29,56
586,1432,7,16.0,114.29,8
587,2513,7,16.0,114.29,65
588,968,7,16.0,114.29,16
589,948,7,16.0,114.29,51
590,2498,7,16.0,114.29,63
591,2499,7,16.0,114.29,85
592,2003,7,16.0,114.29,4
593,2005,7,16.0,114.29,60
594,1752,7,16.0,114.29,41
595,2970,7,16.0,114.29,11
596,406,7,16.0,114.29,10
597,346,7,16.0,114.29,27
598,2246,7,16.0,114.29,86
599,1423,7,16.0,114.29,74
600,2384,7,16.0,114.29,85
601,199,7,16.0,114.29,27
602,2248,7,16.0,114.29,92
603,1696,7,16.0,114.29,5
604,3288,7,16.0,114.29,83
605,3314,7,16.0,114.29,29
606,3298,7,16.0,114.29,2
607,1801,7,16.0,114.29,18
608,2403,7,16.0,114.29,58
609,1107,7,16.0,114.29,32
610,3311,7,16.0,114.29,29
611,3159,22,50.0,113.64,70
612,1420,12,27.0,112.5,30
613,1118,14,30.0,107.14,32
614,3199,7,15.0,107.14,41
615,1927,14,30.0,107.14,53
616,3026,25,52.0,104.0,59
617,380,8,16.0,100.0,49
618,51,8,16.0,100.0,49
619,76,8,16.0,100.0,89
620,2589,8,16.0,100.0,65
621,2583,8,16.0,100.0,22
622,3302,8,16.0,100.0,58
623,356,8,16.0,100.0,61
624,1813,8,16.0,100.0,79
625,20,8,16.0,100.0,37
626,870,8,16.0,100.0,41
627,897,8,16.0,100.0,2
628,896,8,16.0,100.0,9
629,893,6,12.0,100.0,42
630,891,8,16.0,100.0,23
631,890,8,16.0,100.0,27
632,1141,8,16.0,100.0,76
633,1878,8,16.0,100.0,33
634,1877,8,16.0,100.0,45
635,1873,8,16.0,100.0,42
636,204,8,16.0,100.0,2
637,2831,8,16.0,100.0,61
638,812,8,16.0,100.0,5
639,2599,8,16.0,100.0,78
640,64,8,16.0,100.0,20
641,1427,8,16.0,100.0,35
642,2447,5,10.0,100.0,76
643,2435,8,16.0,100.0,12
644,2445,6,12.0,100.0,7
645,1168,8,16.0,100.0,9
646,1405,8,16.0,100.0,58
647,2235,8,16.0,100.0,33
648,2378,8,16.0,100.0,44
649,2200,8,16.0,100.0,47
650,2245,8,16.0,100.0,61
651,3157,8,16.0,100.0,14
652,1654,8,16.0,100.0,69
653,1682,8,16.0,100.0,4
654,2840,8,16.0,100.0,43
655,2174,8,16.0,100.0,36
656,905,8,16.0,100.0,69
657,2850,8,16.0,100.0,62
658,2843,8,16.0,100.0,15
659,3193,8,16.0,100.0,16
660,672,8,16.0,100.0,89
661,881,8,16.0,100.0,8
662,876,8,16.0,100.0,76
663,852,8,16.0,100.0,55
664,153,8,16.0,100.0,85
665,3227,8,16.0,100.0,40
666,149,8,16.0,100.0,59
667,165,8,16.0,100.0,35
668,1166,8,16.0,100.0,24
669,1162,8,16.0,100.0,73
670,2821,8,16.0,100.0,7
671,642,8,16.0,100.0,42
672,2999,8,16.0,100.0,86
673,2859,8,16.0,100.0,46
674,2860,8,16.0,100.0,10
675,1161,8,16.0,100.0,37
676,2164,8,16.0,100.0,44
677,164,8,16.0,100.0,29
678,2560,8,16.0,100.0,84
679,1388,8,16.0,100.0,84
680,2166,8,16.0,100.0,82
681,1380,8,16.0,100.0,24
682,2259,8,16.0,100.0,60
683,1353,8,16.0,100.0,77
684,1869,8,16.0,100.0,72
685,1866,8,16.0,100.0,33
686,3124,8,16.0,100.0,34
687,1650,8,16.0,100.0,10
688,2165,8,16.0,100.0,1
689,1886,8,16.0,100.0,57
690,1478,8,16.0,100.0,24
691,930,10,20.0,100.0,80
692,929,8,16.0,100.0,2
693,1903,8,16.0,100.0,81
694,1712,8,16.0,100.0,88
695,159,8,16.0,100.0,70
696,158,8,16.0,100.0,39
697,1378,8,16.0,100.0,91
698,2684,8,16.0,100.0,58
699,2366,8,16.0,100.0,50
700,3120,8,16.0,100.0,15
701,519,8,16.0,100.0,47
702,1493,8,16.0,100.0,39
703,2100,8,16.0,100.0,57
704,1381,8,16.0,100.0,69
705,1920,8,16.0,100.0,21
706,1919,8,16.0,100.0,68
707,501,8,16.0,100.0,37
708,502,8,16.0,100.0,57
709,2466,8,16.0,100.0,28
710,2462,8,16.0,100.0,60
711,1159,8,16.0,100.0,63
712,524,8,16.0,100.0,61
713,1356,8,16.0,100.0,7
714,2698,8,16.0,100.0,87
715,1086,8,16.0,100.0,82
716,1144,8,16.0,100.0,49
717,486,8,16.0,100.0,88
718,3073,12,24.0,100.0,46
719,3071,8,16.0,100.0,60
720,1358,8,16.0,100.0,76
721,3070,8,16.0,100.0,91
722,2468,8,16.0,100.0,13
723,2489,8,16.0,100.0,28
724,1009,5,10.0,100.0,79
725,3065,8,16.0,100.0,27
726,1522,8,16.0,100.0,69
727,3218,8,16.0,100.0,1
728,1734,8,16.0,100.0,71
729,1843,5,10.0,100.0,22
730,2549,8,16.0,100.0,87
731,2547,8,16.0,100.0,11
732,1253,8,16.0,100.0,70
733,466,8,16.0,100.0,54
734,465,8,16.0,100.0,34
735,2527,8,16.0,100.0,72
736,915,8,16.0,100.0,8
737,480,8,16.0,100.0,4
738,476,8,16.0,100.0,72
739,2620,8,16.0,100.0,36
740,3043,8,16.0,100.0,26
741,2264,8,16.0,100.0,61
742,1363,8,16.0,100.0,77
743,1359,8,16.0,100.0,55
744,2267,8,16.0,100.0,1
745,2660,8,16.0,100.0,28
746,99,8,16.0,100.0,59
747,445,8,16.0,100.0,18
748,1007,8,16.0,100.0,88
749,2480,6,12.0,100.0,40
750,1195,8,16.0,100.0,66
751,2342,8,16.0,100.0,41
752,1335,8,16.0,100.0,12
753,2337,8,16.0,100.0,17
754,2924,8,16.0,100.0,72
755,3248,8,16.0,100.0,71
756,90,8,16.0,100.0,40
757,3262,8,16.0,100.0,33
758,103,8,16.0,100.0,74
759,1847,8,16.0,100.0,80
760,1761,8,16.0,100.0,86
761,2572,8,16.0,100.0,89
762,847,8,16.0,100.0,87
763,783,8,16.0,100.0,46
764,2323,8,16.0,100.0,86
765,3036,8,16.0,100.0,1
766,2941,8,16.0,100.0,47
767,2012,8,16.0,100.0,40
768,343,8,16.0,100.0,67
769,340,8,16.0,100.0,72
770,401,8,16.0,100.0,80
771,396,8,16.0,100.0,81
772,395,8,16.0,100.0,87
773,394,8,16.0,100.0,86
774,2514,8,16.0,100.0,78
775,2610,8,16.0,100.0,61
776,2606,8,16.0,100.0,51
777,2602,8,16.0,100.0,61
778,2282,8,16.0,100.0,45
779,1346,8,16.0,100.0,38
780,2594,8,16.0,100.0,23
781,75,8,16.0,100.0,79
782,2399,8,16.0,100.0,9
783,418,8,16.0,100.0,43
784,348,8,16.0,100.0,62
785,1601,8,16.0,100.0,82
786,374,8,16.0,100.0,57
787,2335,6,12.0,100.0,49
788,390,8,16.0,100.0,89
789,2986,8,16.0,100.0,26
790,2395,8,16.0,100.0,58
791,1136,8,16.0,100.0,13
792,1135,8,16.0,100.0,42
793,68,8,16.0,100.0,37
794,834,8,16.0,100.0,82
795,2577,8,16.0,100.0,44
796,1309,8,16.0,100.0,2
797,1305,8,16.0,100.0,48
798,62,8,16.0,100.0,43
799,2390,8,16.0,100.0,54
800,3315,8,16.0,100.0,81
801,230,21,40.0,95.24,48
802,959,16,30.0,93.75,60
803,3113,8,15.0,93.75,45
804,2562,28,52.0,92.86,33
805,92,7,13.0,92.86,3
806,766,11,20.0,90.91,24
807,1728,11,20.0,90.91,72
808,953,11,20.0,90.91,14
809,2820,30,54.0,90.0,89
810,798,9,16.0,88.89,37
811,2582,9,16.0,88.89,17
812,1306,9,16.0,88.89,68
813,2306,9,16.0,88.89,38
814,2407,9,16.0,88.89,65
815,3230,9,16.0,88.89,52
816,1149,9,16.0,88.89,22
817,1154,9,16.0,88.89,17
818,3215,9,16.0,88.89,72
819,3207,9,16.0,88.89,31
820,1277,9,16.0,88.89,21
821,132,9,16.0,88.89,4
822,1273,9,16.0,88.89,53
823,2654,9,16.0,88.89,87
824,1361,9,16.0,88.89,43
825,1334,9,16.0,88.89,14
826,2617,9,16.0,88.89,9
827,770,9,16.0,88.89,12
828,768,9,16.0,88.89,14
829,1275,9,16.0,88.89,7
830,193,9,16.0,88.89,41
831,1694,9,16.0,88.89,26
832,2455,9,16.0,88.89,39
833,1693,9,16.0,88.89,79
834,2449,9,16.0,88.89,9
835,3151,9,16.0,88.89,35
836,3127,9,16.0,88.89,37
837,1651,9,16.0,88.89,41
838,2736,9,16.0,88.89,72
839,1393,9,16.0,88.89,21
840,849,9,16.0,88.89,35
841,866,9,16.0,88.89,91
842,2280,9,16.0,88.89,51
843,2595,9,16.0,88.89,15
844,3277,9,16.0,88.89,65
845,1109,9,16.0,88.89,15
846,2678,9,16.0,88.89,57
847,2680,9,16.0,88.89,3
848,2723,9,16.0,88.89,52
849,2689,9,16.0,88.89,35
850,2693,9,16.0,88.89,36
851,2253,9,16.0,88.89,14
852,1921,9,16.0,88.89,88
853,1645,9,16.0,88.89,11
854,2780,9,16.0,88.89,39
855,864,9,16.0,88.89,13
856,2561,9,16.0,88.89,50
857,2470,9,16.0,88.89,69
858,2491,9,16.0,88.89,42
859,2769,9,16.0,88.89,88
860,2204,9,16.0,88.89,70
861,2700,9,16.0,88.89,20
862,1613,9,16.0,88.89,16
863,1610,9,16.0,88.89,23
864,3051,9,16.0,88.89,57
865,1608,9,16.0,88.89,30
866,382,9,16.0,88.89,40
867,1572,9,16.0,88.89,27
868,2504,9,16.0,88.89,47
869,1236,9,16.0,88.89,12
870,2815,9,16.0,88.89,2
871,2501,9,16.0,88.89,4
872,2985,9,16.0,88.89,76
873,1569,9,16.0,88.89,74
874,434,9,16.0,88.89,72
875,3064,9,16.0,88.89,64
876,3084,9,16.0,88.89,4
877,1923,9,16.0,88.89,28
878,2972,9,16.0,88.89,82
879,2033,9,16.0,88.89,67
880,433,9,16.0,88.89,49
881,2062,9,16.0,88.89,17
882,462,9,16.0,88.89,27
883,2926,9,16.0,88.89,65
884,936,9,16.0,88.89,17
885,2055,9,16.0,88.89,72
886,481,9,16.0,88.89,21
887,474,9,16.0,88.89,8
888,2065,9,16.0,88.89,75
889,469,9,16.0,88.89,52
890,456,9,16.0,88.89,12
891,2519,9,16.0,88.89,80
892,553,9,16.0,88.89,27
893,955,18,32.0,88.89,90
894,577,9,16.0,88.89,4
895,2874,9,16.0,88.89,7
896,2517,9,16.0,88.89,13
897,591,9,16.0,88.89,46
898,504,9,16.0,88.89,75
899,1461,9,16.0,88.89,1
900,1129,9,16.0,88.89,85
901,1755,9,16.0,88.89,4
902,1848,9,16.0,88.89,91
903,1846,9,16.0,88.89,1
904,2303,9,16.0,88.89,34
905,2300,9,16.0,88.89,90
906,835,9,16.0,88.89,51
907,3255,9,16.0,88.89,34
908,15,9,16.0,88.89,5
909,1799,9,16.0,88.89,31
910,3099,30,52.0,86.67,12
911,1506,9,15.0,83.33,82
912,2758,18,30.0,83.33,83
913,1816,20,33.0,82.5,35
914,2405,10,16.4,82.0,56
915,47,10,16.0,80.0,33
916,81,10,16.0,80.0,82
917,13,10,16.0,80.0,26
918,1776,10,16.0,80.0,9
919,78,10,16.0,80.0,65
920,55,10,16.0,80.0,45
921,3264,10,16.0,80.0,4
922,1098,10,16.0,80.0,42
923,59,10,16.0,80.0,81
924,808,10,16.0,80.0,24
925,785,10,16.0,80.0,31
926,1845,10,16.0,80.0,67
927,2574,10,16.0,80.0,58
928,1828,10,16.0,80.0,48
929,85,10,16.0,80.0,9
930,22,10,16.0,80.0,82
931,2156,10,16.0,80.0,75
932,2157,10,16.0,80.0,1
933,2161,10,16.0,80.0,30
934,2143,10,16.0,80.0,33
935,3243,10,16.0,80.0,24
936,1485,10,16.0,80.0,33
937,2904,10,16.0,80.0,66
938,2907,10,16.0,80.0,39
939,471,10,16.0,80.0,27
940,472,10,16.0,80.0,71
941,512,10,16.0,80.0,75
942,2092,10,16.0,80.0,38
943,945,10,16.0,80.0,17
944,1451,10,16.0,80.0,5
945,1452,10,16.0,80.0,30
946,1453,10,16.0,80.0,75
947,1457,10,16.0,80.0,19
948,583,10,16.0,80.0,15
949,2861,10,16.0,80.0,17
950,2868,10,16.0,80.0,63
951,2878,10,16.0,80.0,29
952,569,10,16.0,80.0,13
953,2531,10,16.0,80.0,37
954,532,10,16.0,80.0,18
955,560,10,16.0,80.0,15
956,468,10,16.0,80.0,72
957,2072,10,16.0,80.0,21
958,2083,10,16.0,80.0,84
959,1517,10,16.0,80.0,38
960,2084,10,16.0,80.0,64
961,482,10,16.0,80.0,66
962,937,10,16.0,80.0,90
963,1230,10,16.0,80.0,57
964,2937,10,16.0,80.0,91
965,2921,10,16.0,80.0,68
966,2047,10,16.0,80.0,67
967,1527,10,16.0,80.0,7
968,2008,10,16.0,80.0,56
969,2020,10,16.0,80.0,20
970,2947,10,16.0,80.0,34
971,426,10,16.0,80.0,92
972,428,10,16.0,80.0,5
973,392,10,16.0,80.0,2
974,2950,10,16.0,80.0,73
975,2955,10,16.0,80.0,68
976,2956,10,16.0,80.0,91
977,2957,10,16.0,80.0,25
978,1983,10,16.0,80.0,87
979,391,10,16.0,80.0,92
980,2327,10,16.0,80.0,3
981,3260,10,16.0,80.0,72
982,4,10,16.0,80.0,9
983,1787,10,16.0,80.0,55
984,894,10,16.0,80.0,63
985,2497,10,16.0,80.0,18
986,2494,10,16.0,80.0,43
987,1256,10,16.0,80.0,74
988,2851,10,16.0,80.0,22
989,601,10,16.0,80.0,31
990,2196,10,16.0,80.0,80
991,1425,10,16.0,80.0,44
992,2848,10,16.0,80.0,72
993,2849,10,16.0,80.0,3
994,1260,10,16.0,80.0,28
995,904,10,16.0,80.0,56
996,2502,10,16.0,80.0,31
997,1583,10,16.0,80.0,89
998,2818,10,16.0,80.0,77
999,2808,10,16.0,80.0,23
1000,365,10,16.0,80.0,77
1001,3054,10,16.0,80.0,7
1002,332,10,16.0,80.0,25
1003,3037,10,16.0,80.0,22
1004,2341,10,16.0,80.0,83
1005,1194,10,16.0,80.0,68
1006,1609,10,16.0,80.0,39
1007,1924,10,16.0,80.0,44
1008,3039,10,16.0,80.0,40
1009,3077,10,16.0,80.0,42
1010,293,10,16.0,80.0,85
1011,298,10,16.0,80.0,43
1012,303,10,16.0,80.0,72
1013,3060,10,16.0,80.0,80
1014,379,10,16.0,80.0,77
1015,2178,10,16.0,80.0,4
1016,2487,10,16.0,80.0,1
1017,3067,10,16.0,80.0,90
1018,2745,10,16.0,80.0,69
1019,2475,10,16.0,80.0,71
1020,2756,10,16.0,80.0,81
1021,2250,10,16.0,80.0,44
1022,2214,10,16.0,80.0,11
1023,2788,10,16.0,80.0,65
1024,2770,10,16.0,80.0,3
1025,2776,10,16.0,80.0,40
1026,2778,10,16.0,80.0,28
1027,1916,10,16.0,80.0,46
1028,1918,10,16.0,80.0,2
1029,1624,10,16.0,80.0,7
1030,1630,10,16.0,80.0,54
1031,2241,10,16.0,80.0,53
1032,3137,10,16.0,80.0,40
1033,3123,10,16.0,80.0,34
1034,271,10,16.0,80.0,36
1035,2367,10,16.0,80.0,62
1036,2368,10,16.0,80.0,5
1037,2458,10,16.0,80.0,40
1038,1643,10,16.0,80.0,12
1039,2677,10,16.0,80.0,59
1040,2734,10,16.0,80.0,69
1041,2688,10,16.0,80.0,36
1042,2694,10,16.0,80.0,90
1043,2703,10,16.0,80.0,6
1044,677,10,16.0,80.0,29
1045,683,10,16.0,80.0,89
1046,1647,10,16.0,80.0,8
1047,385,10,16.0,80.0,13
1048,275,10,16.0,80.0,18
1049,1656,10,16.0,80.0,66
1050,1904,10,16.0,80.0,45
1051,1894,10,16.0,80.0,30
1052,3142,10,16.0,80.0,33
1053,3148,10,16.0,80.0,38
1054,1032,10,16.0,80.0,70
1055,1905,10,16.0,80.0,75
1056,1048,10,16.0,80.0,68
1057,1054,10,16.0,80.0,6
1058,1167,10,16.0,80.0,31
1059,3155,10,16.0,80.0,88
1060,3188,10,16.0,80.0,6
1061,3175,10,16.0,80.0,29
1062,3179,10,16.0,80.0,17
1063,1047,10,16.0,80.0,3
1064,198,10,16.0,80.0,56
1065,210,10,16.0,80.0,74
1066,1698,10,16.0,80.0,68
1067,2372,10,16.0,80.0,31
1068,2382,10,16.0,80.0,92
1069,767,10,16.0,80.0,65
1070,2618,10,16.0,80.0,20
1071,1360,10,16.0,80.0,61
1072,2624,10,16.0,80.0,47
1073,748,15,24.0,80.0,84
1074,1274,10,16.0,80.0,75
1075,1276,10,16.0,80.0,59
1076,2383,10,16.0,80.0,91
1077,2387,10,16.0,80.0,16
1078,166,10,16.0,80.0,37
1079,3181,10,16.0,80.0,27
1080,168,10,16.0,80.0,8
1081,3222,10,16.0,80.0,91
1082,1706,10,16.0,80.0,2
1083,162,10,16.0,80.0,61
1084,1147,10,16.0,80.0,60
1085,3233,10,16.0,80.0,73
1086,7,10,16.0,80.0,51
1087,3212,10,16.0,80.0,90
1088,2,10,16.0,80.0,36
1089,1,10,16.0,80.0,31
1090,789,10,16.0,80.0,11
1091,791,10,16.0,80.0,81
1092,2608,10,16.0,80.0,92
1093,2611,10,16.0,80.0,50
1094,1296,10,16.0,80.0,5
1095,9,10,16.0,80.0,52
1096,119,10,16.0,80.0,68
1097,128,10,16.0,80.0,46
1098,1720,10,16.0,80.0,91
1099,1858,10,16.0,80.0,27
1100,18,10,16.0,80.0,41
1101,24,10,16.0,80.0,75
1102,28,10,16.0,80.0,61
1103,1841,10,16.0,80.0,42
1104,2600,10,16.0,80.0,91
1105,813,10,16.0,80.0,56
1106,2394,10,16.0,80.0,26
1107,1308,10,16.0,80.0,75
1108,2402,10,16.0,80.0,84
1109,1819,10,16.0,80.0,83
1110,1823,10,16.0,80.0,27
1111,1773,10,16.0,80.0,61
1112,3136,7,11.0,78.57,5
1113,1402,16,25.0,78.12,20
1114,1525,31,48.0,77.42,53
1115,957,13,20.0,76.92,68
1116,2332,8,12.0,75.0,48
1117,2297,18,27.0,75.0,47
1118,517,8,12.0,75.0,24
1119,2336,8,12.0,75.0,71
1120,3267,11,16.0,72.73,64
1121,63,11,16.0,72.73,92
1122,65,11,16.0,72.73,44
1123,1646,11,16.0,72.73,87
1124,300,11,16.0,72.73,11
1125,2373,11,16.0,72.73,1
1126,2420,11,16.0,72.73,88
1127,1091,11,16.0,72.73,65
1128,2826,11,16.0,72.73,4
1129,2789,11,16.0,72.73,3
1130,1634,11,16.0,72.73,46
1131,3180,11,16.0,72.73,11
1132,3176,11,16.0,72.73,34
1133,1820,11,16.0,72.73,90
1134,1821,11,16.0,72.73,5
1135,36,11,16.0,72.73,2
1136,3313,11,16.0,72.73,80
1137,2185,11,16.0,72.73,55
1138,3286,11,16.0,72.73,45
1139,113,11,16.0,72.73,70
1140,106,11,16.0,72.73,21
1141,2730,11,16.0,72.73,88
1142,2692,11,16.0,72.73,34
1143,1348,11,16.0,72.73,1
1144,762,11,16.0,72.73,18
1145,754,11,16.0,72.73,36
1146,2616,11,16.0,72.73,31
1147,2261,11,16.0,72.73,49
1148,330,11,16.0,72.73,40
1149,3048,11,16.0,72.73,70
1150,3045,11,16.0,72.73,33
1151,2515,11,16.0,72.73,74
1152,1025,11,16.0,72.73,20
1153,1023,11,16.0,72.73,10
1154,753,11,16.0,72.73,2
1155,1200,11,16.0,72.73,66
1156,1089,11,16.0,72.73,4
1157,2825,11,16.0,72.73,18
1158,576,11,16.0,72.73,81
1159,2844,11,16.0,72.73,81
1160,2842,11,16.0,72.73,78
1161,621,11,16.0,72.73,79
1162,602,11,16.0,72.73,14
1163,774,11,16.0,72.73,82
1164,2584,11,16.0,72.73,37
1165,2459,11,16.0,72.73,9
1166,1156,11,16.0,72.73,63
1167,2363,11,16.0,72.73,6
1168,3191,11,16.0,72.73,53
1169,1419,11,16.0,72.73,52
1170,3106,11,16.0,72.73,84
1171,992,11,16.0,72.73,1
1172,1229,11,16.0,72.73,42
1173,344,11,16.0,72.73,84
1174,3000,11,16.0,72.73,8
1175,1730,11,16.0,72.73,41
1176,1606,11,16.0,72.73,63
1177,1697,11,16.0,72.73,27
1178,376,11,16.0,72.73,72
1179,790,11,16.0,72.73,91
1180,2593,11,16.0,72.73,23
1181,1326,11,16.0,72.73,55
1182,1962,11,16.0,72.73,4
1183,399,11,16.0,72.73,20
1184,2581,11,16.0,72.73,6
1185,2597,11,16.0,72.73,53
1186,1217,11,16.0,72.73,68
1187,175,11,16.0,72.73,31
1188,1835,11,16.0,72.73,34
1189,1211,11,16.0,72.73,89
1190,2508,11,16.0,72.73,88
1191,2150,11,16.0,72.73,82
1192,1484,11,16.0,72.73,78
1193,1701,11,16.0,72.73,44
1194,3041,11,16.0,72.73,81
1195,804,11,16.0,72.73,67
1196,2578,11,16.0,72.73,64
1197,1498,11,16.0,72.73,26
1198,1867,11,16.0,72.73,78
1199,1862,11,16.0,72.73,5
1200,1991,11,16.0,72.73,33
1201,1987,11,16.0,72.73,42
1202,1699,11,16.0,72.73,62
1203,1974,11,16.0,72.73,27
1204,3249,11,16.0,72.73,65
1205,2520,11,16.0,72.73,21
1206,1295,11,16.0,72.73,84
1207,2316,11,16.0,72.73,54
1208,2314,11,16.0,72.73,15
1209,2525,11,16.0,72.73,36
1210,1495,11,16.0,72.73,56
1211,467,11,16.0,72.73,54
1212,918,11,16.0,72.73,27
1213,1255,11,16.0,72.73,88
1214,914,11,16.0,72.73,88
1215,872,11,16.0,72.73,31
1216,3219,11,16.0,72.73,31
1217,432,11,16.0,72.73,84
1218,1492,11,16.0,72.73,8
1219,892,11,16.0,72.73,26
1220,1279,11,16.0,72.73,1
1221,2025,11,16.0,72.73,35
1222,927,11,16.0,72.73,16
1223,1805,11,16.0,72.73,36
1224,2410,11,16.0,72.73,75
1225,1131,11,16.0,72.73,91
1226,1788,11,16.0,72.73,44
1227,1128,11,16.0,72.73,60
1228,2784,11,16.0,72.73,87
1229,686,11,16.0,72.73,50
1230,2739,11,16.0,72.73,18
1231,2249,11,16.0,72.73,6
1232,3241,11,16.0,72.73,81
1233,1132,11,16.0,72.73,5
1234,3297,11,16.0,72.73,82
1235,1117,14,20.0,71.43,1
1236,676,7,10.0,71.43,71
1237,2231,14,20.0,71.43,25
1238,926,7,10.0,71.43,27
1239,1020,7,10.0,71.43,80
1240,114,10,14.0,70.0,68
1241,3261,50,70.0,70.0,19
1242,681,8,11.0,68.75,34
1243,3158,8,11.0,68.75,46
1244,3234,12,16.0,66.67,33
1245,2749,12,16.0,66.67,84
1246,237,12,16.0,66.67,27
1247,3253,12,16.0,66.67,61
1248,2413,12,16.0,66.67,48
1249,77,12,16.0,66.67,78
1250,1775,12,16.0,66.67,92
1251,1675,12,16.0,66.67,31
1252,1679,12,16.0,66.67,82
1253,1134,12,16.0,66.67,5
1254,2022,12,16.0,66.67,2
1255,900,12,16.0,66.67,79
1256,2542,12,16.0,66.67,65
1257,1884,12,16.0,66.67,92
1258,3240,6,8.0,66.67,7
1259,2071,12,16.0,66.67,11
1260,898,12,16.0,66.67,87
1261,455,12,16.0,66.67,46
1262,1516,12,16.0,66.67,55
1263,505,12,16.0,66.67,55
1264,514,12,16.0,66.67,19
1265,1234,12,16.0,66.67,79
1266,453,12,16.0,66.67,20
1267,956,12,16.0,66.67,17
1268,874,12,16.0,66.67,91
1269,1267,12,16.0,66.67,92
1270,922,12,16.0,66.67,75
1271,2056,12,16.0,66.67,88
1272,442,12,16.0,66.67,13
1273,448,12,16.0,66.67,27
1274,497,12,16.0,66.67,7
1275,1284,12,16.0,66.67,15
1276,1297,12,16.0,66.67,46
1277,838,12,16.0,66.67,60
1278,485,12,16.0,66.67,43
1279,2095,15,20.0,66.67,89
1280,2098,12,16.0,66.67,10
1281,2112,12,16.0,66.67,55
1282,1497,12,16.0,66.67,89
1283,1972,12,16.0,66.67,60
1284,3250,12,16.0,66.67,81
1285,84,9,12.0,66.67,85
1286,69,12,16.0,66.67,71
1287,1249,12,16.0,66.67,9
1288,1224,12,16.0,66.67,74
1289,944,12,16.0,66.67,37
1290,2318,12,16.0,66.67,48
1291,1708,12,16.0,66.67,26
1292,1863,12,16.0,66.67,92
1293,1868,12,16.0,66.67,42
1294,2588,12,16.0,66.67,37
1295,2307,12,16.0,66.67,2
1296,1301,12,16.0,66.67,25
1297,1307,12,16.0,66.67,4
1298,2312,12,16.0,66.67,79
1299,2906,12,16.0,66.67,51
1300,2913,12,16.0,66.67,90
1301,535,12,16.0,66.67,28
1302,871,12,16.0,66.67,39
1303,317,12,16.0,66.67,8
1304,2507,12,16.0,66.67,18
1305,1758,12,16.0,66.67,27
1306,179,12,16.0,66.67,66
1307,1979,12,16.0,66.67,4
1308,1989,12,16.0,66.67,32
1309,393,12,16.0,66.67,28
1310,807,12,16.0,66.67,26
1311,2313,12,16.0,66.67,55
1312,2163,12,16.0,66.67,81
1313,2591,12,16.0,66.67,13
1314,2612,12,16.0,66.67,89
1315,1444,12,16.0,66.67,16
1316,100,12,16.0,66.67,73
1317,1850,12,16.0,66.67,54
1318,1856,12,16.0,66.67,87
1319,1721,12,16.0,66.67,74
1320,3031,12,16.0,66.67,30
1321,970,12,16.0,66.67,58
1322,2518,12,16.0,66.67,83
1323,2496,12,16.0,66.67,90
1324,940,12,16.0,66.67,59
1325,2607,12,16.0,66.67,3
1326,1939,12,16.0,66.67,65
1327,760,12,16.0,66.67,72
1328,2667,12,16.0,66.67,12
1329,2841,12,16.0,66.67,25
1330,782,12,16.0,66.67,29
1331,573,12,16.0,66.67,43
1332,2853,9,12.0,66.67,20
1333,1196,12,16.0,66.67,58
1334,3076,12,16.0,66.67,41
1335,1197,12,16.0,66.67,39
1336,2481,12,16.0,66.67,10
1337,2483,12,16.0,66.67,77
1338,2473,12,16.0,66.67,22
1339,2476,12,16.0,66.67,14
1340,2857,12,16.0,66.67,80
1341,2884,12,16.0,66.67,74
1342,2679,12,16.0,66.67,9
1343,2268,12,16.0,66.67,79
1344,746,12,16.0,66.67,92
1345,688,12,16.0,66.67,38
1346,2705,12,16.0,66.67,62
1347,2615,12,16.0,66.67,85
1348,2269,12,16.0,66.67,87
1349,2273,12,16.0,66.67,14
1350,2601,12,16.0,66.67,57
1351,2603,12,16.0,66.67,67
1352,73,12,16.0,66.67,55
1353,1735,12,16.0,66.67,65
1354,101,12,16.0,66.67,16
1355,107,12,16.0,66.67,35
1356,620,12,16.0,66.67,85
1357,2197,12,16.0,66.67,33
1358,634,12,16.0,66.67,61
1359,636,12,16.0,66.67,27
1360,2806,12,16.0,66.67,83
1361,1892,12,16.0,66.67,90
1362,234,12,16.0,66.67,62
1363,3189,12,16.0,66.67,45
1364,2358,12,16.0,66.67,19
1365,2362,12,16.0,66.67,60
1366,1158,12,16.0,66.67,51
1367,1029,12,16.0,66.67,50
1368,1043,12,16.0,66.67,92
1369,2451,12,16.0,66.67,1
1370,2453,12,16.0,66.67,25
1371,2380,12,16.0,66.67,7
1372,1203,12,16.0,66.67,34
1373,3144,12,16.0,66.67,78
1374,1648,12,16.0,66.67,85
1375,1910,12,16.0,66.67,66
1376,1667,12,16.0,66.67,40
1377,2183,12,16.0,66.67,6
1378,1111,12,16.0,66.67,61
1379,2388,12,16.0,66.67,81
1380,1825,12,16.0,66.67,26
1381,1826,12,16.0,66.67,57
1382,42,12,16.0,66.67,56
1383,3269,12,16.0,66.67,76
1384,67,12,16.0,66.67,77
1385,1108,12,16.0,66.67,90
1386,5,12,16.0,66.67,61
1387,1145,19,25.0,65.79,62
1388,3083,40,52.0,65.0,28
1389,184,47,60.0,63.83,24
1390,1114,12,15.0,62.5,66
1391,1017,8,10.0,62.5,22
1392,1882,8,10.0,62.5,3
1393,2299,24,30.0,62.5,46
1394,1014,8,10.0,62.5,76
1395,678,13,16.0,61.54,59
1396,2704,13,16.0,61.54,92
1397,2243,13,16.0,61.54,54
1398,2805,13,16.0,61.54,32
1399,2879,13,16.0,61.54,38
1400,2190,13,16.0,61.54,81
1401,2676,13,16.0,61.54,46
1402,2614,13,16.0,61.54,67
1403,3182,13,16.0,61.54,22
1404,1041,13,16.0,61.54,28
1405,2415,13,16.0,61.54,6
1406,1044,13,16.0,61.54,25
1407,12,13,16.0,61.54,84
1408,1551,13,16.0,61.54,73
1409,1891,13,16.0,61.54,83
1410,3154,13,16.0,61.54,10
1411,3055,13,16.0,61.54,79
1412,1133,13,16.0,61.54,43
1413,3187,13,16.0,61.54,38
1414,2666,13,16.0,61.54,41
1415,1227,13,16.0,61.54,90
1416,939,13,16.0,61.54,13
1417,856,13,16.0,61.54,86
1418,985,13,16.0,61.54,83
1419,97,13,16.0,61.54,53
1420,921,13,16.0,61.54,41
1421,386,13,16.0,61.54,73
1422,1280,13,16.0,61.54,6
1423,845,13,16.0,61.54,5
1424,1536,13,16.0,61.54,11
1425,877,13,16.0,61.54,65
1426,2082,13,16.0,61.54,11
1427,843,13,16.0,61.54,2
1428,2070,13,16.0,61.54,15
1429,842,13,16.0,61.54,82
1430,515,13,16.0,61.54,44
1431,555,13,16.0,61.54,50
1432,815,13,16.0,61.54,47
1433,2148,13,16.0,61.54,58
1434,2905,13,16.0,61.54,47
1435,1604,13,16.0,61.54,87
1436,2354,13,16.0,61.54,51
1437,1468,13,16.0,61.54,11
1438,2580,13,16.0,61.54,13
1439,3028,13,16.0,61.54,3
1440,2590,13,16.0,61.54,19
1441,2170,13,16.0,61.54,16
1442,586,13,16.0,61.54,8
1443,1772,13,16.0,61.54,37
1444,1763,13,16.0,61.54,28
1445,2064,13,16.0,61.54,33
1446,444,13,16.0,61.54,1
1447,367,13,16.0,61.54,81
1448,397,13,16.0,61.54,45
1449,2973,13,16.0,61.54,27
1450,2509,13,16.0,61.54,25
1451,1562,13,16.0,61.54,63
1452,357,13,16.0,61.54,7
1453,1251,13,16.0,61.54,85
1454,1771,13,16.0,61.54,68
1455,2422,13,16.0,61.54,37
1456,1822,13,16.0,61.54,24
1457,2762,13,16.0,61.54,28
1458,1126,13,16.0,61.54,53
1459,1155,13,16.0,61.54,84
1460,1150,13,16.0,61.54,74
1461,1874,10,12.0,60.0,59
1462,3140,10,12.0,60.0,75
1463,49,15,18.0,60.0,6
1464,2885,10,12.0,60.0,3
1465,1971,21,25.0,59.52,21
1466,220,44,52.0,59.09,83
1467,986,17,20.0,58.82,23
1468,1621,14,16.0,57.14,91
1469,2461,14,16.0,57.14,15
1470,3190,14,16.0,57.14,92
1471,1686,14,16.0,57.14,3
1472,183,14,16.0,57.14,2
1473,689,14,16.0,57.14,76
1474,684,14,16.0,57.14,17
1475,2718,14,16.0,57.14,91
1476,1355,14,16.0,57.14,19
1477,2186,14,16.0,57.14,85
1478,1746,14,16.0,57.14,84
1479,1104,14,16.0,57.14,59
1480,3274,14,16.0,57.14,2
1481,1897,14,16.0,57.14,50
1482,1896,14,16.0,57.14,45
1483,233,14,16.0,57.14,7
1484,3072,14,16.0,57.14,70
1485,1622,14,16.0,57.14,38
1486,3112,14,16.0,57.14,35
1487,2379,14,16.0,57.14,3
1488,1069,14,16.0,57.14,30
1489,3059,14,16.0,57.14,47
1490,1057,14,16.0,57.14,90
1491,1428,14,16.0,57.14,35
1492,1051,14,16.0,57.14,59
1493,2674,14,16.0,57.14,67
1494,2271,14,16.0,57.14,3
1495,1738,14,16.0,57.14,63
1496,1911,14,16.0,57.14,60
1497,1642,14,16.0,57.14,38
1498,3252,14,16.0,57.14,77
1499,2448,14,16.0,57.14,88
1500,2446,14,16.0,57.14,77
1501,2690,14,16.0,57.14,26
1502,2665,14,16.0,57.14,12
1503,1409,14,16.0,57.14,57
1504,2777,14,16.0,57.14,56
1505,557,14,16.0,57.14,49
1506,563,14,16.0,57.14,55
1507,2169,14,16.0,57.14,44
1508,1329,14,16.0,57.14,37
1509,2289,14,16.0,57.14,44
1510,321,14,16.0,57.14,23
1511,2533,14,16.0,57.14,66
1512,454,14,16.0,57.14,46
1513,889,14,16.0,57.14,12
1514,1261,14,16.0,57.14,46
1515,1298,14,16.0,57.14,47
1516,542,14,16.0,57.14,81
1517,523,14,16.0,57.14,90
1518,848,14,16.0,57.14,19
1519,579,14,16.0,57.14,2
1520,2908,14,16.0,57.14,11
1521,1480,14,16.0,57.14,40
1522,1705,14,16.0,57.14,89
1523,1311,14,16.0,57.14,43
1524,2310,14,16.0,57.14,86
1525,1278,14,16.0,57.14,46
1526,850,14,16.0,57.14,69
1527,3032,14,16.0,57.14,22
1528,2911,14,16.0,57.14,26
1529,1487,14,16.0,57.14,77
1530,2855,14,16.0,57.14,81
1531,801,14,16.0,57.14,5
1532,811,14,16.0,57.14,78
1533,2871,14,16.0,57.14,36
1534,131,14,16.0,57.14,88
1535,2587,14,16.0,57.14,34
1536,1719,14,16.0,57.14,1
1537,2343,14,16.0,57.14,1
1538,314,14,16.0,57.14,67
1539,1947,14,16.0,57.14,63
1540,1937,14,16.0,57.14,17
1541,1933,14,16.0,57.14,36
1542,3034,14,16.0,57.14,1
1543,1829,14,16.0,57.14,8
1544,1833,14,16.0,57.14,39
1545,151,14,16.0,57.14,63
1546,412,14,16.0,57.14,75
1547,464,14,16.0,57.14,31
1548,2010,14,16.0,57.14,42
1549,443,14,16.0,57.14,38
1550,925,14,16.0,57.14,19
1551,2011,14,16.0,57.14,64
1552,2556,14,16.0,57.14,90
1553,2551,14,16.0,57.14,10
1554,361,14,16.0,57.14,42
1555,1241,14,16.0,57.14,1
1556,1836,14,16.0,57.14,80
1557,2032,14,16.0,57.14,74
1558,2017,14,16.0,57.14,75
1559,2503,14,16.0,57.14,56
1560,383,14,16.0,57.14,20
1561,1887,14,16.0,57.14,67
1562,943,14,16.0,57.14,45
1563,1233,14,16.0,57.14,43
1564,1711,14,16.0,57.14,35
1565,431,14,16.0,57.14,90
1566,424,14,16.0,57.14,9
1567,2512,14,16.0,57.14,17
1568,3153,14,16.0,57.14,42
1569,1225,14,16.0,57.14,9
1570,1148,14,16.0,57.14,63
1571,2761,14,16.0,57.14,11
1572,1794,14,16.0,57.14,30
1573,1790,14,16.0,57.14,13
1574,1123,14,16.0,57.14,60
1575,3167,8,9.0,56.25,42
1576,829,28,31.0,55.36,64
1577,2251,22,24.0,54.55,6
1578,3245,15,16.0,53.33,42
1579,2752,15,16.0,53.33,71
1580,2411,15,16.0,53.33,82
1581,2426,15,16.0,53.33,57
1582,1890,15,16.0,53.33,7
1583,213,15,16.0,53.33,14
1584,1120,15,16.0,53.33,60
1585,1803,15,16.0,53.33,51
1586,421,15,16.0,53.33,16
1587,425,15,16.0,53.33,1
1588,1709,15,16.0,53.33,61
1589,44,15,16.0,53.33,6
1590,3213,15,16.0,53.33,75
1591,3221,15,16.0,53.33,54
1592,1232,15,16.0,53.33,61
1593,1757,15,16.0,53.33,69
1594,1759,15,16.0,53.33,57
1595,1834,15,16.0,53.33,84
1596,3204,15,16.0,53.33,64
1597,2975,15,16.0,53.33,47
1598,415,15,16.0,53.33,80
1599,1538,15,16.0,53.33,27
1600,2015,15,16.0,53.33,91
1601,1839,15,16.0,53.33,63
1602,363,15,16.0,53.33,17
1603,366,15,16.0,53.33,9
1604,1584,15,16.0,53.33,22
1605,1714,15,16.0,53.33,44
1606,381,15,16.0,53.33,53
1607,3029,15,16.0,53.33,32
1608,2500,15,16.0,53.33,16
1609,2492,15,16.0,53.33,92
1610,2535,15,16.0,53.33,55
1611,2079,15,16.0,53.33,44
1612,2081,15,16.0,53.33,86
1613,935,15,16.0,53.33,87
1614,506,15,16.0,53.33,78
1615,2948,15,16.0,53.33,64
1616,521,15,16.0,53.33,46
1617,954,15,16.0,53.33,11
1618,2919,15,16.0,53.33,54
1619,851,15,16.0,53.33,57
1620,1310,15,16.0,53.33,42
1621,821,15,16.0,53.33,39
1622,1700,15,16.0,53.33,92
1623,500,15,16.0,53.33,34
1624,1488,15,16.0,53.33,6
1625,1286,15,16.0,53.33,64
1626,1938,15,16.0,53.33,24
1627,354,15,16.0,53.33,90
1628,1605,15,16.0,53.33,59
1629,2340,15,16.0,53.33,78
1630,765,15,16.0,53.33,4
1631,1463,15,16.0,53.33,38
1632,1464,15,16.0,53.33,38
1633,1471,15,16.0,53.33,19
1634,123,15,16.0,53.33,7
1635,124,15,16.0,53.33,51
1636,1851,15,16.0,53.33,92
1637,1303,15,16.0,53.33,75
1638,584,15,16.0,53.33,80
1639,595,15,16.0,53.33,60
1640,554,15,16.0,53.33,2
1641,1024,15,16.0,53.33,36
1642,319,15,16.0,53.33,55
1643,152,15,16.0,53.33,51
1644,2465,15,16.0,53.33,1
1645,1034,15,16.0,53.33,49
1646,2339,15,16.0,53.33,37
1647,3177,15,16.0,53.33,84
1648,265,15,16.0,53.33,1
1649,274,15,16.0,53.33,20
1650,1629,15,16.0,53.33,38
1651,3090,15,16.0,53.33,21
1652,278,15,16.0,53.33,13
1653,283,15,16.0,53.33,38
1654,1078,15,16.0,53.33,63
1655,1049,15,16.0,53.33,74
1656,2720,15,16.0,53.33,31
1657,2726,15,16.0,53.33,10
1658,1333,15,16.0,53.33,18
1659,2188,15,16.0,53.33,53
1660,2195,15,16.0,53.33,86
1661,597,15,16.0,53.33,38
1662,581,15,16.0,53.33,91
1663,1458,15,16.0,53.33,32
1664,1459,15,16.0,53.33,77
1665,2432,15,16.0,53.33,5
1666,2436,15,16.0,53.33,82
1667,1649,15,16.0,53.33,92
1668,248,15,16.0,53.33,52
1669,258,15,16.0,53.33,80
1670,3126,15,16.0,53.33,24
1671,3129,15,16.0,53.33,63
1672,1737,15,16.0,53.33,50
1673,108,15,16.0,53.33,20
1674,617,15,16.0,53.33,91
1675,1414,15,16.0,53.33,78
1676,1421,15,16.0,53.33,16
1677,2795,15,16.0,53.33,13
1678,2796,15,16.0,53.33,47
1679,629,15,16.0,53.33,55
1680,2629,15,16.0,53.33,6
1681,679,15,16.0,53.33,25
1682,2202,15,16.0,53.33,85
1683,2781,15,16.0,53.33,12
1684,651,15,16.0,53.33,63
1685,655,15,16.0,53.33,39
1686,2833,15,16.0,53.33,27
1687,2685,15,16.0,53.33,53
1688,1665,15,16.0,53.33,1
1689,1902,15,16.0,53.33,36
1690,3138,15,16.0,53.33,6
1691,3139,15,16.0,53.33,26
1692,3143,15,16.0,53.33,12
1693,83,15,16.0,53.33,92
1694,2440,15,16.0,53.33,11
1695,14,15,16.0,53.33,90
1696,3275,15,16.0,53.33,55
1697,27,15,16.0,53.33,48
1698,17,15,16.0,53.33,4
1699,3310,15,16.0,53.33,1
1700,1115,15,16.0,53.33,77
1701,3289,15,16.0,53.33,84
1702,2647,8,8.5,53.12,63
1703,1726,41,43.0,52.44,78
1704,1814,16,16.0,50.0,6
1705,1101,16,16.0,50.0,56
1706,1677,16,16.0,50.0,73
1707,202,16,16.0,50.0,25
1708,196,16,16.0,50.0,57
1709,3,16,16.0,50.0,59
1710,3174,16,16.0,50.0,58
1711,3131,16,16.0,50.0,91
1712,3152,10,10.0,50.0,67
1713,3093,16,16.0,50.0,61
1714,3178,16,16.0,50.0,13
1715,1879,16,16.0,50.0,56
1716,324,16,16.0,50.0,25
1717,1895,16,16.0,50.0,64
1718,1611,16,16.0,50.0,6
1719,3063,16,16.0,50.0,30
1720,3013,16,16.0,50.0,1
1721,1951,16,16.0,50.0,83
1722,3033,16,16.0,50.0,72
1723,3030,16,16.0,50.0,46
1724,2996,16,16.0,50.0,19
1725,384,16,16.0,50.0,29
1726,405,16,16.0,50.0,86
1727,2951,16,16.0,50.0,1
1728,1990,16,16.0,50.0,13
1729,1985,16,16.0,50.0,82
1730,1710,16,16.0,50.0,81
1731,427,16,16.0,50.0,64
1732,1543,16,16.0,50.0,26
1733,320,16,16.0,50.0,46
1734,1113,16,16.0,50.0,59
1735,2009,16,16.0,50.0,29
1736,2026,16,16.0,50.0,16
1737,2046,16,16.0,50.0,45
1738,2054,16,16.0,50.0,74
1739,2076,16,16.0,50.0,67
1740,525,16,16.0,50.0,26
1741,520,16,16.0,50.0,33
1742,1532,16,16.0,50.0,49
1743,2093,16,16.0,50.0,60
1744,2149,14,14.0,50.0,52
1745,2144,20,20.0,50.0,20
1746,130,16,16.0,50.0,91
1747,126,16,16.0,50.0,50
1748,2889,16,16.0,50.0,23
1749,562,16,16.0,50.0,55
1750,477,16,16.0,50.0,92
1751,2856,12,12.0,50.0,13
1752,2854,16,16.0,50.0,84
1753,2873,22,22.0,50.0,4
1754,2836,16,16.0,50.0,58
1755,638,16,16.0,50.0,17
1756,2744,10,10.0,50.0,1
1757,2742,16,16.0,50.0,5
1758,1400,16,16.0,50.0,8
1759,1396,16,16.0,50.0,90
1760,1382,16,16.0,50.0,4
1761,2760,16,16.0,50.0,81
1762,2755,16,16.0,50.0,2
1763,118,16,16.0,50.0,79
1764,2664,16,16.0,50.0,66
1765,2721,16,16.0,50.0,66
1766,561,16,16.0,50.0,29
1767,1365,16,16.0,50.0,55
1768,2622,16,16.0,50.0,84
1769,2265,16,16.0,50.0,64
1770,1354,16,16.0,50.0,28
1771,771,16,16.0,50.0,61
1772,819,16,16.0,50.0,18
1773,1321,16,16.0,50.0,11
1774,809,16,16.0,50.0,2
1775,853,16,16.0,50.0,13
1776,913,16,16.0,50.0,23
1777,903,16,16.0,50.0,84
1778,2516,16,16.0,50.0,43
1779,1221,20,20.0,50.0,28
1780,1247,16,16.0,50.0,20
1781,88,12,12.0,50.0,41
1782,1205,16,16.0,50.0,49
1783,961,16,16.0,50.0,18
1784,960,16,16.0,50.0,73
1785,2329,16,16.0,50.0,69
1786,2325,16,16.0,50.0,47
1787,1219,8,8.0,50.0,66
1788,976,16,16.0,50.0,90
1789,2437,16,16.0,50.0,19
1790,1062,16,16.0,50.0,1
1791,2433,16,16.0,50.0,10
1792,2431,16,16.0,50.0,50
1793,1164,16,16.0,50.0,6
1794,1052,16,16.0,50.0,90
1795,2443,10,10.0,50.0,68
1796,3259,16,16.0,50.0,6
1797,1753,16,16.0,50.0,87
1798,2392,16,16.0,50.0,83
1799,1192,17,16.0,47.06,2
1800,1096,17,16.0,47.06,92
1801,16,17,16.0,47.06,42
1802,35,17,16.0,47.06,85
1803,1102,17,16.0,47.06,90
1804,2090,17,16.0,47.06,1
1805,2803,17,16.0,47.06,22
1806,628,17,16.0,47.06,42
1807,2810,17,16.0,47.06,19
1808,201,17,16.0,47.06,5
1809,1300,17,16.0,47.06,3
1810,1770,17,16.0,47.06,74
1811,2767,17,16.0,47.06,28
1812,2779,17,16.0,47.06,78
1813,2899,17,16.0,47.06,4
1814,2063,17,16.0,47.06,10
1815,2074,17,16.0,47.06,45
1816,2049,17,16.0,47.06,46
1817,1530,17,16.0,47.06,52
1818,685,17,16.0,47.06,90
1819,2754,17,16.0,47.06,78
1820,1482,17,16.0,47.06,50
1821,695,17,16.0,47.06,87
1822,2021,17,16.0,47.06,85
1823,1865,17,16.0,47.06,57
1824,1376,17,16.0,47.06,73
1825,2262,17,16.0,47.06,63
1826,2464,17,16.0,47.06,13
1827,2914,17,16.0,47.06,26
1828,479,17,16.0,47.06,41
1829,1563,17,16.0,47.06,64
1830,2040,17,16.0,47.06,66
1831,2959,17,16.0,47.06,24
1832,698,17,16.0,47.06,87
1833,1454,17,16.0,47.06,10
1834,716,17,16.0,47.06,91
1835,2978,17,16.0,47.06,88
1836,2709,17,16.0,47.06,89
1837,1299,17,16.0,47.06,52
1838,973,17,16.0,47.06,76
1839,1875,17,16.0,47.06,66
1840,249,17,16.0,47.06,86
1841,331,17,16.0,47.06,8
1842,2673,17,16.0,47.06,79
1843,2609,17,16.0,47.06,45
1844,1954,17,16.0,47.06,5
1845,2408,17,16.0,47.06,77
1846,787,17,16.0,47.06,30
1847,2627,17,16.0,47.06,63
1848,841,17,16.0,47.06,17
1849,2565,17,16.0,47.06,54
1850,823,17,16.0,47.06,30
1851,2586,17,16.0,47.06,81
1852,920,17,16.0,47.06,25
1853,899,17,16.0,47.06,79
1854,1900,17,16.0,47.06,5
1855,1888,17,16.0,47.06,3
1856,972,17,16.0,47.06,85
1857,1623,17,16.0,47.06,91
1858,1628,17,16.0,47.06,90
1859,3101,17,16.0,47.06,30
1860,3108,17,16.0,47.06,68
1861,1374,17,16.0,47.06,69
1862,1781,17,16.0,47.06,83
1863,1140,17,16.0,47.06,80
1864,2835,17,16.0,47.06,43
1865,38,17,16.0,47.06,51
1866,1798,17,16.0,47.06,35
1867,3276,17,16.0,47.06,10
1868,3003,12,11.0,45.83,18
1869,2852,11,10.0,45.45,22
1870,1389,50,45.0,45.0,41
1871,1331,10,9.0,45.0,68
1872,2550,10,9.0,45.0,19
1873,1782,18,16.0,44.44,87
1874,1914,18,16.0,44.44,86
1875,613,18,16.0,44.44,64
1876,614,18,16.0,44.44,87
1877,1786,18,16.0,44.44,21
1878,1512,18,16.0,44.44,65
1879,2309,18,16.0,44.44,17
1880,23,18,16.0,44.44,79
1881,135,18,16.0,44.44,57
1882,844,18,16.0,44.44,23
1883,1210,18,16.0,44.44,30
1884,3042,18,16.0,44.44,17
1885,2414,18,16.0,44.44,17
1886,369,18,16.0,44.44,83
1887,802,18,16.0,44.44,85
1888,3056,18,16.0,44.44,78
1889,326,18,16.0,44.44,20
1890,306,18,16.0,44.44,65
1891,1958,18,16.0,44.44,18
1892,1964,18,16.0,44.44,3
1893,776,18,16.0,44.44,18
1894,733,18,16.0,44.44,79
1895,797,18,16.0,44.44,34
1896,1952,18,16.0,44.44,49
1897,1901,18,16.0,44.44,60
1898,1658,18,16.0,44.44,35
1899,837,18,16.0,44.44,7
1900,2546,18,16.0,44.44,10
1901,947,18,16.0,44.44,80
1902,2374,18,16.0,44.44,71
1903,11,18,16.0,44.44,59
1904,1173,18,16.0,44.44,80
1905,1063,18,16.0,44.44,29
1906,2171,18,16.0,44.44,87
1907,578,18,16.0,44.44,84
1908,2142,18,16.0,44.44,1
1909,1509,18,16.0,44.44,92
1910,2773,18,16.0,44.44,40
1911,2757,18,16.0,44.44,9
1912,1526,18,16.0,44.44,87
1913,2120,18,16.0,44.44,72
1914,2845,18,16.0,44.44,11
1915,2293,18,16.0,44.44,66
1916,2295,18,16.0,44.44,48
1917,2080,18,16.0,44.44,23
1918,2301,18,16.0,44.44,14
1919,605,18,16.0,44.44,17
1920,624,18,16.0,44.44,5
1921,1678,18,16.0,44.44,3
1922,1670,18,16.0,44.44,49
1923,494,18,16.0,44.44,5
1924,1540,18,16.0,44.44,39
1925,1027,18,16.0,44.44,26
1926,436,18,16.0,44.44,68
1927,1022,18,16.0,44.44,85
1928,1456,18,16.0,44.44,33
1929,1716,18,16.0,44.44,38
1930,259,18,16.0,44.44,46
1931,2701,18,16.0,44.44,32
1932,2450,18,16.0,44.44,50
1933,1638,18,16.0,44.44,80
1934,1508,34,30.0,44.12,2
1935,231,59,52.0,44.07,62
1936,2890,24,21.0,43.75,90
1937,3149,15,13.0,43.33,45
1938,707,19,16.3,42.89,40
1939,2198,14,12.0,42.86,29
1940,2969,14,12.0,42.86,75
1941,2128,28,24.0,42.86,41
1942,1105,35,30.0,42.86,34
1943,1218,19,16.0,42.11,90
1944,868,19,16.0,42.11,81
1945,2208,19,16.0,42.11,45
1946,1080,19,16.0,42.11,3
1947,1616,19,16.0,42.11,71
1948,3238,19,16.0,42.11,64
1949,1796,19,16.0,42.11,26
1950,3110,19,16.0,42.11,1
1951,70,19,16.0,42.11,33
1952,294,19,16.0,42.11,2
1953,1531,19,16.0,42.11,91
1954,1056,19,16.0,42.11,83
1955,2061,19,16.0,42.11,82
1956,1778,19,16.0,42.11,3
1957,616,19,16.0,42.11,83
1958,2846,19,16.0,42.11,56
1959,2807,19,16.0,42.11,8
1960,633,19,16.0,42.11,35
1961,1489,19,16.0,42.11,71
1962,2732,19,16.0,42.11,34
1963,2406,19,16.0,42.11,31
1964,784,19,16.0,42.11,39
1965,933,19,16.0,42.11,17
1966,318,19,16.0,42.11,83
1967,3010,19,16.0,42.11,90
1968,1672,19,16.0,42.11,17
1969,272,19,16.0,42.11,86
1970,2862,19,16.0,42.11,11
1971,2050,19,16.0,42.11,5
1972,1560,19,16.0,42.11,80
1973,2014,19,16.0,42.11,2
1974,1015,19,16.0,42.11,49
1975,2283,19,16.0,42.11,64
1976,407,19,16.0,42.11,76
1977,1853,19,16.0,42.11,89
1978,417,19,16.0,42.11,56
1979,2181,19,16.0,42.11,1
1980,1652,19,16.0,42.11,52
1981,223,62,52.0,41.94,3
1982,2510,6,5.0,41.67,62
1983,2244,12,10.0,41.67,90
1984,867,12,10.0,41.67,1
1985,2270,12,10.0,41.67,4
1986,2404,12,10.0,41.67,54
1987,3270,13,10.8,41.54,36
1988,1976,20,16.0,40.0,79
1989,310,20,16.0,40.0,18
1990,323,25,20.0,40.0,91
1991,364,20,16.0,40.0,61
1992,329,20,16.0,40.0,46
1993,773,20,16.0,40.0,13
1994,1438,20,16.0,40.0,23
1995,3079,20,16.0,40.0,5
1996,301,20,16.0,40.0,50
1997,2416,20,16.0,40.0,65
1998,1212,10,8.0,40.0,86
1999,752,20,16.0,40.0,3
2000,1612,20,16.0,40.0,23
2001,2386,20,16.0,40.0,16
2002,2375,20,16.0,40.0,68
2003,72,20,16.0,40.0,66
2004,1792,20,16.0,40.0,3
2005,1172,20,16.0,40.0,66
2006,1793,20,16.0,40.0,72
2007,26,20,16.0,40.0,75
2008,2460,20,16.0,40.0,87
2009,1383,20,16.0,40.0,49
2010,270,20,16.0,40.0,78
2011,34,20,16.0,40.0,77
2012,137,20,16.0,40.0,92
2013,297,20,16.0,40.0,76
2014,759,20,16.0,40.0,7
2015,758,20,16.0,40.0,2
2016,3085,20,16.0,40.0,44
2017,902,20,16.0,40.0,77
2018,3122,20,16.0,40.0,43
2019,1666,20,16.0,40.0,14
2020,1661,20,16.0,40.0,24
2021,2493,20,16.0,40.0,20
2022,965,20,16.0,40.0,48
2023,969,20,16.0,40.0,7
2024,1640,20,16.0,40.0,82
2025,839,20,16.0,40.0,23
2026,1931,20,16.0,40.0,36
2027,289,20,16.0,40.0,55
2028,276,20,16.0,40.0,9
2029,3223,20,16.0,40.0,3
2030,855,20,16.0,40.0,10
2031,1342,20,16.0,40.0,30
2032,2687,20,16.0,40.0,11
2033,1481,20,16.0,40.0,12
2034,2023,20,16.0,40.0,45
2035,1033,20,16.0,40.0,28
2036,2263,20,16.0,40.0,85
2037,3169,20,16.0,40.0,16
2038,1733,20,16.0,40.0,33
2039,495,20,16.0,40.0,22
2040,1455,20,16.0,40.0,55
2041,410,20,16.0,40.0,60
2042,697,20,16.0,40.0,76
2043,1466,20,16.0,40.0,11
2044,2162,20,16.0,40.0,26
2045,1561,20,16.0,40.0,4
2046,2920,20,16.0,40.0,61
2047,2976,20,16.0,40.0,64
2048,267,20,16.0,40.0,34
2049,1281,20,16.0,40.0,62
2050,1050,20,16.0,40.0,86
2051,1674,20,16.0,40.0,83
2052,266,20,16.0,40.0,81
2053,1718,20,16.0,40.0,48
2054,269,20,16.0,40.0,39
2055,2429,20,16.0,40.0,1
2056,1285,20,16.0,40.0,52
2057,2167,20,16.0,40.0,73
2058,2168,20,16.0,40.0,85
2059,2179,20,16.0,40.0,29
2060,2994,20,16.0,40.0,69
2061,2992,20,16.0,40.0,5
2062,2990,20,16.0,40.0,84
2063,2989,20,16.0,40.0,57
2064,422,20,16.0,40.0,76
2065,606,20,16.0,40.0,39
2066,2900,20,16.0,40.0,90
2067,2727,15,12.0,40.0,86
2068,571,20,16.0,40.0,31
2069,2086,20,16.0,40.0,23
2070,644,20,16.0,40.0,46
2071,2145,20,16.0,40.0,1
2072,1476,20,16.0,40.0,46
2073,2141,20,16.0,40.0,88
2074,2750,20,16.0,40.0,59
2075,2146,20,16.0,40.0,42
2076,2048,20,16.0,40.0,43
2077,2039,20,16.0,40.0,7
2078,1553,20,16.0,40.0,46
2079,423,20,16.0,40.0,16
2080,2308,20,16.0,40.0,56
2081,206,20,16.0,40.0,90
2082,1058,20,16.0,40.0,92
2083,2294,20,16.0,40.0,57
2084,2302,20,16.0,40.0,37
2085,1779,20,16.0,40.0,80
2086,3237,20,16.0,40.0,72
2087,635,20,16.0,40.0,61
2088,2113,20,16.0,40.0,49
2089,2104,20,16.0,40.0,53
2090,2115,20,16.0,40.0,41
2091,618,20,16.0,40.0,6
2092,19,20,16.0,40.0,12
2093,2389,20,16.0,40.0,9
2094,1110,20,16.0,40.0,86
2095,2360,20,16.0,40.0,4
2096,3265,20,16.0,40.0,50
2097,704,21,16.6,39.52,1
2098,794,19,15.0,39.47,85
2099,1182,21,16.0,38.1,87
2100,1780,21,16.0,38.1,29
2101,87,21,16.0,38.1,54
2102,2763,21,16.0,38.1,29
2103,2058,21,16.0,38.1,73
2104,1483,21,16.0,38.1,44
2105,2119,21,16.0,38.1,41
2106,3017,21,16.0,38.1,63
2107,2707,21,16.0,38.1,4
2108,1060,21,16.0,38.1,86
2109,2311,21,16.0,38.1,85
2110,398,21,16.0,38.1,69
2111,347,21,16.0,38.1,16
2112,2417,21,16.0,38.1,87
2113,1093,21,16.0,38.1,38
2114,2523,21,16.0,38.1,3
2115,1838,21,16.0,38.1,50
2116,1864,21,16.0,38.1,2
2117,1644,21,16.0,38.1,32
2118,1631,21,16.0,38.1,89
2119,952,21,16.0,38.1,36
2120,1385,21,16.0,38.1,13
2121,2552,21,16.0,38.1,43
2122,2648,21,16.0,38.1,25
2123,21,21,16.0,38.1,23
2124,1769,21,16.0,38.1,36
2125,1844,21,16.0,38.1,26
2126,1040,21,16.0,38.1,27
2127,1774,21,16.0,38.1,23
2128,2485,21,16.0,38.1,12
2129,1744,21,16.0,38.1,26
2130,1076,21,16.0,38.1,30
2131,2592,21,16.0,38.1,11
2132,3088,21,16.0,38.1,30
2133,1618,21,16.0,38.1,38
2134,1223,21,16.0,38.1,84
2135,3086,16,12.0,37.5,38
2136,2639,34,25.0,36.76,70
2137,2642,21,15.3,36.43,80
2138,1282,22,16.0,36.36,8
2139,2019,22,16.0,36.36,90
2140,556,22,16.0,36.36,36
2141,1559,22,16.0,36.36,14
2142,2066,22,16.0,36.36,82
2143,2991,22,16.0,36.36,30
2144,1071,22,16.0,36.36,27
2145,1151,22,16.0,36.36,78
2146,1590,22,16.0,36.36,87
2147,1082,22,16.0,36.36,92
2148,1394,22,16.0,36.36,5
2149,1659,22,16.0,36.36,75
2150,2554,22,16.0,36.36,70
2151,788,22,16.0,36.36,35
2152,816,22,16.0,36.36,53
2153,820,22,16.0,36.36,20
2154,627,22,16.0,36.36,56
2155,1503,22,16.0,36.36,71
2156,630,22,16.0,36.36,88
2157,641,22,16.0,36.36,19
2158,3094,22,16.0,36.36,52
2159,304,22,16.0,36.36,64
2160,742,22,16.0,36.36,60
2161,1106,22,16.0,36.36,42
2162,3205,22,16.0,36.36,55
2163,1053,22,16.0,36.36,25
2164,2304,22,16.0,36.36,75
2165,224,22,16.0,36.36,21
2166,1760,22,16.0,36.36,23
2167,3202,22,16.0,36.36,2
2168,284,22,16.0,36.36,70
2169,2604,22,16.0,36.36,71
2170,1626,22,16.0,36.36,62
2171,860,22,16.0,36.36,80
2172,3186,22,16.0,36.36,1
2173,3216,22,16.0,36.36,77
2174,1830,22,16.0,36.36,15
2175,2495,22,16.0,36.36,12
2176,263,22,16.0,36.36,42
2177,1031,22,16.0,36.36,72
2178,1511,22,16.0,36.36,89
2179,2110,22,16.0,36.36,39
2180,2630,22,16.0,36.36,89
2181,2184,22,16.0,36.36,61
2182,653,22,16.0,36.36,73
2183,2631,25,18.0,36.0,6
2184,1330,25,18.0,36.0,15
2185,1978,42,30.0,35.71,10
2186,1013,14,10.0,35.71,78
2187,2158,17,12.0,35.29,53
2188,2069,20,14.0,35.0,31
2189,2147,10,7.0,35.0,3
2190,251,23,16.0,34.78,27
2191,3095,23,16.0,34.78,39
2192,260,23,16.0,34.78,50
2193,1660,23,16.0,34.78,2
2194,2901,23,16.0,34.78,68
2195,2995,23,16.0,34.78,14
2196,2961,23,16.0,34.78,87
2197,700,23,16.0,34.78,9
2198,2925,23,16.0,34.78,41
2199,1969,23,16.0,34.78,39
2200,1127,23,16.0,34.78,89
2201,619,23,16.0,34.78,74
2202,2077,23,16.0,34.78,65
2203,94,23,16.0,34.78,80
2204,1809,23,16.0,34.78,53
2205,2125,23,16.0,34.78,27
2206,2045,23,16.0,34.78,32
2207,2829,23,16.0,34.78,75
2208,2897,23,16.0,34.78,54
2209,138,23,16.0,34.78,68
2210,1178,23,16.0,34.78,62
2211,41,23,16.0,34.78,80
2212,3197,23,16.0,34.78,79
2213,1748,23,16.0,34.78,92
2214,125,23,16.0,34.78,13
2215,191,23,16.0,34.78,74
2216,3184,23,16.0,34.78,17
2217,2484,23,16.0,34.78,91
2218,3166,23,16.0,34.78,61
2219,1832,23,16.0,34.78,67
2220,241,23,16.0,34.78,86
2221,958,23,16.0,34.78,9
2222,942,23,16.0,34.78,47
2223,1683,23,16.0,34.78,7
2224,2511,23,16.0,34.78,74
2225,941,23,16.0,34.78,47
2226,1030,23,16.0,34.78,84
2227,1928,23,16.0,34.78,2
2228,1950,23,16.0,34.78,89
2229,1397,23,16.0,34.78,82
2230,299,23,16.0,34.78,88
2231,1424,23,16.0,34.78,72
2232,327,23,16.0,34.78,36
2233,3023,75,52.0,34.67,62
2234,2710,28,19.0,33.93,68
2235,1800,24,16.0,33.33,89
2236,286,24,16.0,33.33,28
2237,861,24,16.0,33.33,11
2238,1412,24,16.0,33.33,76
2239,1946,24,16.0,33.33,8
2240,279,24,16.0,33.33,66
2241,2209,24,16.0,33.33,2
2242,1312,24,16.0,33.33,14
2243,1731,24,16.0,33.33,45
2244,2940,24,16.0,33.33,59
2245,2182,24,16.0,33.33,45
2246,2984,24,16.0,33.33,78
2247,3027,24,16.0,33.33,30
2248,2977,24,16.0,33.33,4
2249,441,24,16.0,33.33,89
2250,702,24,16.0,33.33,92
2251,574,24,16.0,33.33,63
2252,647,24,16.0,33.33,69
2253,639,24,16.0,33.33,34
2254,609,24,16.0,33.33,47
2255,2764,24,16.0,33.33,64
2256,2192,24,16.0,33.33,78
2257,375,24,16.0,33.33,28
2258,1534,24,16.0,33.33,47
2259,2159,18,12.0,33.33,83
2260,1636,24,16.0,33.33,20
2261,1680,24,16.0,33.33,10
2262,1657,24,16.0,33.33,2
2263,916,24,16.0,33.33,29
2264,1751,24,16.0,33.33,52
2265,1529,24,16.0,33.33,63
2266,1632,24,16.0,33.33,10
2267,2247,24,16.0,33.33,28
2268,3141,18,12.0,33.33,81
2269,3281,78,50.0,32.05,45
2270,1099,25,16.0,32.0,23
2271,1095,25,16.0,32.0,67
2272,3231,25,16.0,32.0,61
2273,1783,25,16.0,32.0,80
2274,362,25,16.0,32.0,66
2275,3011,25,16.0,32.0,38
2276,315,25,16.0,32.0,7
2277,316,25,16.0,32.0,85
2278,1294,25,16.0,32.0,72
2279,2321,25,16.0,32.0,54
2280,2628,25,16.0,32.0,39
2281,1045,25,16.0,32.0,6
2282,3014,25,16.0,32.0,53
2283,351,25,16.0,32.0,69
2284,1066,25,16.0,32.0,4
2285,2895,25,16.0,32.0,90
2286,2013,25,16.0,32.0,43
2287,416,25,16.0,32.0,52
2288,1470,25,16.0,32.0,10
2289,1984,25,16.0,32.0,17
2290,2912,25,16.0,32.0,47
2291,670,25,16.0,32.0,54
2292,673,25,16.0,32.0,53
2293,2075,25,16.0,32.0,79
2294,1528,25,16.0,32.0,2
2295,2108,25,16.0,32.0,17
2296,2096,25,16.0,32.0,79
2297,626,25,16.0,32.0,8
2298,611,25,16.0,32.0,66
2299,2772,25,16.0,32.0,14
2300,585,25,16.0,32.0,76
2301,582,25,16.0,32.0,17
2302,645,25,16.0,32.0,49
2303,648,25,16.0,32.0,87
2304,564,25,16.0,32.0,21
2305,2882,25,16.0,32.0,60
2306,625,25,16.0,32.0,6
2307,71,25,16.0,32.0,58
2308,1791,25,16.0,32.0,7
2309,1663,25,16.0,32.0,59
2310,2555,25,16.0,32.0,8
2311,793,25,16.0,32.0,22
2312,3111,25,16.0,32.0,24
2313,3116,25,16.0,32.0,64
2314,901,25,16.0,32.0,70
2315,1436,25,16.0,32.0,11
2316,328,25,16.0,32.0,92
2317,2649,25,16.0,32.0,60
2318,2218,25,16.0,32.0,57
2319,764,25,16.0,32.0,22
2320,1940,25,16.0,32.0,76
2321,1944,25,16.0,32.0,89
2322,3069,25,16.0,32.0,68
2323,3121,25,16.0,32.0,33
2324,1404,25,16.0,32.0,40
2325,2258,25,16.0,32.0,1
2326,919,25,16.0,32.0,8
2327,1688,25,16.0,32.0,35
2328,1669,25,16.0,32.0,86
2329,268,25,16.0,32.0,50
2330,1035,25,16.0,32.0,28
2331,1377,25,16.0,32.0,55
2332,247,25,16.0,32.0,1
2333,207,25,16.0,32.0,63
2334,102,25,16.0,32.0,60
2335,1745,25,16.0,32.0,6
2336,1762,25,16.0,32.0,32
2337,31,25,16.0,32.0,62
2338,2711,35,22.0,31.43,76
2339,3087,24,15.0,31.25,68
2340,2288,26,16.0,30.77,30
2341,998,26,16.0,30.77,36
2342,2281,26,16.0,30.77,4
2343,2272,26,16.0,30.77,53
2344,964,26,16.0,30.77,38
2345,846,26,16.0,30.77,91
2346,990,26,16.0,30.77,1
2347,761,26,16.0,30.77,2
2348,744,26,16.0,30.77,46
2349,1072,26,16.0,30.77,90
2350,3280,26,16.0,30.77,82
2351,1469,26,16.0,30.77,4
2352,671,26,16.0,30.77,42
2353,2830,26,16.0,30.77,85
2354,1496,26,16.0,30.77,71
2355,1521,26,16.0,30.77,63
2356,2898,26,16.0,30.77,14
2357,2949,26,16.0,30.77,30
2358,2085,26,16.0,30.77,92
2359,389,26,16.0,30.77,1
2360,2004,26,16.0,30.77,63
2361,308,26,16.0,30.77,61
2362,333,26,16.0,30.77,38
2363,1103,26,16.0,30.77,79
2364,1956,26,16.0,30.77,24
2365,296,26,16.0,30.77,56
2366,408,26,16.0,30.77,17
2367,295,26,16.0,30.77,75
2368,3096,26,16.0,30.77,69
2369,1668,26,16.0,30.77,21
2370,261,26,16.0,30.77,56
2371,3161,26,16.0,30.77,80
2372,3132,26,16.0,30.77,37
2373,1854,26,16.0,30.77,4
2374,1852,26,16.0,30.77,19
2375,203,26,16.0,30.77,5
2376,1750,26,16.0,30.77,17
2377,1727,26,16.0,30.77,62
2378,1818,26,16.0,30.77,90
2379,147,26,16.0,30.77,7
2380,2350,26,16.0,30.77,31
2381,45,26,16.0,30.77,89
2382,6,26,16.0,30.77,59
2383,2172,20,12.0,30.0,63
2384,2160,20,12.0,30.0,77
2385,1092,27,16.0,29.63,2
2386,588,27,16.0,29.63,15
2387,1620,27,16.0,29.63,25
2388,2765,27,16.0,29.63,82
2389,1384,27,16.0,29.63,27
2390,2792,27,16.0,29.63,81
2391,2782,27,16.0,29.63,50
2392,219,27,16.0,29.63,27
2393,336,27,16.0,29.63,67
2394,593,27,16.0,29.63,52
2395,1859,27,16.0,29.63,61
2396,1722,27,16.0,29.63,6
2397,1586,27,16.0,29.63,35
2398,757,27,16.0,29.63,75
2399,1170,27,16.0,29.63,8
2400,1806,27,16.0,29.63,77
2401,1398,27,16.0,29.63,4
2402,691,27,16.0,29.63,11
2403,1945,27,16.0,29.63,50
2404,2097,27,16.0,29.63,92
2405,615,27,16.0,29.63,39
2406,1100,27,16.0,29.63,40
2407,10,27,16.0,29.63,19
2408,575,27,16.0,29.63,63
2409,632,27,16.0,29.63,6
2410,3232,22,13.0,29.55,18
2411,1138,28,16.0,28.57,24
2412,3217,28,16.0,28.57,58
2413,1176,28,16.0,28.57,14
2414,1992,28,16.0,28.57,75
2415,729,28,16.0,28.57,71
2416,2044,28,16.0,28.57,59
2417,1592,28,16.0,28.57,91
2418,212,28,16.0,28.57,36
2419,858,28,16.0,28.57,74
2420,1653,28,16.0,28.57,24
2421,2260,28,16.0,28.57,77
2422,971,28,16.0,28.57,85
2423,1641,28,16.0,28.57,92
2424,217,28,16.0,28.57,13
2425,2785,28,16.0,28.57,77
2426,2030,28,16.0,28.57,77
2427,1239,28,16.0,28.57,37
2428,2228,28,16.0,28.57,84
2429,2133,28,16.0,28.57,41
2430,1505,28,16.0,28.57,48
2431,2203,28,16.0,28.57,76
2432,1087,28,16.0,28.57,72
2433,529,28,16.0,28.57,25
2434,66,28,16.0,28.57,66
2435,2105,14,8.0,28.57,90
2436,1006,28,16.0,28.57,61
2437,1777,16,9.0,28.12,86
2438,715,27,15.1,27.96,36
2439,3007,29,16.0,27.59,2
2440,589,29,16.0,27.59,74
2441,2206,29,16.0,27.59,6
2442,1486,29,16.0,27.59,33
2443,2176,29,16.0,27.59,59
2444,1130,29,16.0,27.59,27
2445,2632,29,16.0,27.59,90
2446,2655,29,16.0,27.59,80
2447,690,29,16.0,27.59,2
2448,262,29,16.0,27.59,60
2449,566,29,16.0,27.59,11
2450,2966,29,16.0,27.59,4
2451,2979,29,16.0,27.59,52
2452,2798,29,16.0,27.59,83
2453,1689,29,16.0,27.59,75
2454,216,29,16.0,27.59,17
2455,419,29,16.0,27.59,23
2456,827,29,16.0,27.59,73
2457,309,29,16.0,27.59,14
2458,2964,46,25.0,27.17,67
2459,1177,30,16.0,26.67,3
2460,1797,30,16.0,26.67,89
2461,1749,30,16.0,26.67,2
2462,144,30,16.0,26.67,11
2463,325,30,16.0,26.67,22
2464,2212,30,16.0,26.67,68
2465,282,30,16.0,26.67,36
2466,1320,30,16.0,26.67,6
2467,1319,30,16.0,26.67,26
2468,2278,30,16.0,26.67,10
2469,2238,30,16.0,26.67,11
2470,2234,30,16.0,26.67,32
2471,1549,30,16.0,26.67,75
2472,1703,30,16.0,26.67,86
2473,1039,30,16.0,26.67,69
2474,833,30,16.0,26.67,88
2475,799,30,16.0,26.67,33
2476,1440,30,16.0,26.67,43
2477,2059,30,16.0,26.67,71
2478,2771,30,16.0,26.67,4
2479,2421,30,16.0,26.67,14
2480,826,30,16.0,26.67,81
2481,1292,30,16.0,26.67,3
2482,3198,30,16.0,26.67,20
2483,1500,30,16.0,26.67,20
2484,311,30,16.0,26.67,15
2485,1576,30,16.0,26.67,20
2486,313,30,16.0,26.67,71
2487,1824,30,16.0,26.67,47
2488,2645,30,16.0,26.67,3
2489,1765,30,16.0,26.67,15
2490,2207,30,16.0,26.67,92
2491,2799,30,16.0,26.67,91
2492,1725,30,16.0,26.67,30
2493,1328,30,16.0,26.67,78
2494,1523,30,16.0,26.67,73
2495,1520,30,16.0,26.67,59
2496,1941,30,16.0,26.67,48
2497,967,30,16.0,26.67,46
2498,3160,30,16.0,26.67,30
2499,1881,30,16.0,26.67,70
2500,3163,30,16.0,26.67,75
2501,2942,30,16.0,26.67,91
2502,2953,30,16.0,26.67,92
2503,1472,30,16.0,26.67,14
2504,1473,30,16.0,26.67,23
2505,1934,30,16.0,26.67,66
2506,1477,30,16.0,26.67,64
2507,646,30,16.0,26.67,69
2508,3044,30,16.0,26.67,2
2509,989,30,16.0,26.67,29
2510,909,30,16.0,26.67,13
2511,907,30,16.0,26.67,57
2512,962,30,16.0,26.67,33
2513,3125,30,16.0,26.67,39
2514,32,30,16.0,26.67,21
2515,2724,30,16.0,26.67,47
2516,2051,30,16.0,26.67,91
2517,694,30,16.0,26.67,62
2518,701,30,16.0,26.67,10
2519,2376,30,16.0,26.67,82
2520,2106,30,16.0,26.67,16
2521,3256,30,16.0,26.67,53
2522,607,30,16.0,26.67,79
2523,604,30,16.0,26.67,6
2524,2827,30,16.0,26.67,8
2525,2809,30,16.0,26.67,80
2526,2109,30,16.0,26.67,33
2527,29,30,16.0,26.67,83
2528,98,30,16.0,26.67,49
2529,1681,23,12.0,26.09,84
2530,3022,100,52.0,26.0,1
2531,534,31,16.0,25.81,33
2532,53,31,16.0,25.81,9
2533,115,31,16.0,25.81,60
2534,2988,31,16.0,25.81,46
2535,2768,31,16.0,25.81,61
2536,1441,31,16.0,25.81,61
2537,731,31,16.0,25.81,90
2538,239,31,16.0,25.81,1
2539,2043,31,16.0,25.81,42
2540,2454,31,16.0,25.81,85
2541,74,31,16.0,25.81,6
2542,2139,31,16.0,25.81,55
2543,2187,31,16.0,25.81,47
2544,3078,31,16.0,25.81,79
2545,792,31,16.0,25.81,38
2546,2060,31,16.0,25.81,44
2547,2444,31,16.0,25.81,37
2548,723,31,16.0,25.81,69
2549,692,31,16.0,25.81,60
2550,2349,31,16.0,25.81,8
2551,1564,31,16.0,25.81,35
2552,3001,31,16.0,25.81,12
2553,2132,32,16.3,25.47,82
2554,1685,32,16.0,25.0,91
2555,2963,32,16.0,25.0,73
2556,1717,32,16.0,25.0,18
2557,612,32,16.0,25.0,50
2558,1037,32,16.0,25.0,16
2559,2717,32,16.0,25.0,9
2560,2103,32,16.0,25.0,52
2561,3133,24,12.0,25.0,65
2562,693,32,16.0,25.0,68
2563,533,32,16.0,25.0,10
2564,264,32,16.0,25.0,40
2565,1084,32,16.0,25.0,7
2566,322,32,16.0,25.0,39
2567,1588,32,16.0,25.0,7
2568,805,20,10.0,25.0,59
2569,1433,32,16.0,25.0,1
2570,781,32,16.0,25.0,46
2571,2114,32,16.0,25.0,79
2572,2867,32,16.0,25.0,43
2573,2042,32,16.0,25.0,59
2574,3009,32,16.0,25.0,80
2575,1986,32,16.0,25.0,5
2576,1181,32,16.0,25.0,64
2577,25,32,16.0,25.0,58
2578,3210,32,16.0,25.0,61
2579,1742,32,16.0,25.0,5
2580,2338,32,16.0,25.0,40
2581,1968,20,10.0,25.0,59
2582,711,32,16.0,25.0,6
2583,3145,32,16.0,25.0,24
2584,718,33,16.3,24.7,33
2585,2875,47,23.0,24.47,23
2586,2651,33,16.0,24.24,46
2587,1558,33,16.0,24.24,90
2588,2205,33,16.0,24.24,46
2589,2787,33,16.0,24.24,66
2590,3115,33,16.0,24.24,9
2591,917,33,16.0,24.24,11
2592,2722,33,16.0,24.24,92
2593,2945,33,16.0,24.24,3
2594,2902,33,16.0,24.24,53
2595,558,33,16.0,24.24,82
2596,2089,33,16.0,24.24,20
2597,2352,33,16.0,24.24,78
2598,2073,33,16.0,24.24,24
2599,1555,33,16.0,24.24,6
2600,637,33,16.0,24.24,34
2601,1857,33,16.0,24.24,6
2602,2960,33,16.0,24.24,16
2603,192,33,16.0,24.24,1
2604,1088,33,16.0,24.24,86
2605,2331,25,12.0,24.0,52
2606,3091,19,9.0,23.68,64
2607,2215,34,16.0,23.53,77
2608,1808,34,16.0,23.53,37
2609,209,34,16.0,23.53,54
2610,360,34,16.0,23.53,10
2611,2869,34,16.0,23.53,35
2612,828,34,16.0,23.53,73
2613,552,34,16.0,23.53,5
2614,420,34,16.0,23.53,32
2615,2441,34,16.0,23.53,59
2616,2748,34,16.0,23.53,49
2617,2571,34,16.0,23.53,82
2618,127,34,16.0,23.53,21
2619,3119,34,16.0,23.53,31
2620,538,34,16.0,23.53,60
2621,3097,34,16.0,23.53,63
2622,1861,34,16.0,23.53,92
2623,1061,34,16.0,23.53,30
2624,2052,34,16.0,23.53,61
2625,3242,35,16.0,22.86,68
2626,2839,35,16.0,22.86,36
2627,1401,35,16.0,22.86,17
2628,452,35,16.0,22.86,55
2629,2351,35,16.0,22.86,6
2630,1704,35,16.0,22.86,3
2631,280,35,16.0,22.86,73
2632,1000,35,16.0,22.86,39
2633,227,35,16.0,22.86,48
2634,1955,35,16.0,22.86,71
2635,2152,35,16.0,22.86,50
2636,2766,35,16.0,22.86,15
2637,987,35,16.0,22.86,79
2638,859,35,16.0,22.86,40
2639,2934,35,16.0,22.86,87
2640,440,35,16.0,22.86,69
2641,1399,35,16.0,22.86,13
2642,236,35,16.0,22.86,20
2643,1386,35,16.0,22.86,26
2644,238,35,16.0,22.86,18
2645,1676,35,16.0,22.86,85
2646,2728,35,16.0,22.86,49
2647,1502,35,16.0,22.86,75
2648,1046,35,16.0,22.86,80
2649,2027,35,16.0,22.86,36
2650,722,35,16.0,22.86,53
2651,778,35,16.0,22.86,73
2652,1431,35,16.0,22.86,68
2653,1736,35,16.0,22.86,33
2654,2211,35,16.0,22.86,52
2655,1165,35,16.0,22.86,51
2656,1578,35,16.0,22.86,6
2657,756,35,16.0,22.86,32
2658,140,35,16.0,22.86,30
2659,2653,35,16.0,22.86,12
2660,1815,35,16.0,22.86,19
2661,1784,35,16.0,22.86,87
2662,2419,89,40.0,22.47,91
2663,1190,36,16.0,22.22,38
2664,2355,36,16.0,22.22,73
2665,749,36,16.0,22.22,35
2666,2229,36,16.0,22.22,72
2667,786,36,16.0,22.22,54
2668,763,36,16.0,22.22,86
2669,2236,36,16.0,22.22,38
2670,824,36,16.0,22.22,42
2671,292,36,16.0,22.22,33
2672,735,36,16.0,22.22,5
2673,1475,36,16.0,22.22,46
2674,908,36,16.0,22.22,81
2675,1789,36,16.0,22.22,91
2676,2347,36,16.0,22.22,88
2677,3109,36,16.0,22.22,69
2678,273,36,16.0,22.22,74
2679,2759,36,16.0,22.22,31
2680,1637,36,16.0,22.22,51
2681,2935,36,16.0,22.22,12
2682,1615,36,16.0,22.22,31
2683,751,36,16.0,22.22,45
2684,708,37,16.3,22.03,92
2685,1926,33,14.5,21.97,1
2686,2356,37,16.0,21.62,4
2687,963,37,16.0,21.62,29
2688,174,37,16.0,21.62,90
2689,2746,37,16.0,21.62,17
2690,2287,37,16.0,21.62,83
2691,302,37,16.0,21.62,51
2692,2038,37,16.0,21.62,21
2693,1619,37,16.0,21.62,68
2694,2213,37,16.0,21.62,45
2695,2982,37,16.0,21.62,57
2696,719,37,16.0,21.62,66
2697,3053,37,16.0,21.62,6
2698,1764,37,16.0,21.62,87
2699,1811,37,16.0,21.62,52
2700,148,37,16.0,21.62,44
2701,750,37,16.0,21.62,77
2702,342,37,16.0,21.62,52
2703,287,37,16.0,21.62,15
2704,110,38,16.0,21.05,45
2705,3075,38,16.0,21.05,19
2706,414,38,16.0,21.05,74
2707,2967,38,16.0,21.05,34
2708,2224,38,16.0,21.05,39
2709,592,38,16.0,21.05,90
2710,189,38,16.0,21.05,67
2711,3305,38,16.0,21.05,54
2712,499,38,16.0,21.05,25
2713,2539,38,16.0,21.05,38
2714,370,38,16.0,21.05,7
2715,741,38,16.0,21.05,69
2716,559,38,16.0,21.05,91
2717,3194,24,10.0,20.83,84
2718,2708,24,10.0,20.83,39
2719,1411,39,16.0,20.51,4
2720,662,39,16.0,20.51,84
2721,603,39,16.0,20.51,31
2722,608,39,16.0,20.51,18
2723,134,39,16.0,20.51,84
2724,977,39,16.0,20.51,7
2725,3016,39,16.0,20.51,12
2726,736,39,16.0,20.51,12
2727,817,39,16.0,20.51,6
2728,60,39,16.0,20.51,38
2729,1163,39,16.0,20.51,92
2730,111,39,16.0,20.51,4
2731,840,39,16.0,20.51,66
2732,2175,39,16.0,20.51,58
2733,777,39,16.0,20.51,86
2734,2987,39,16.0,20.51,58
2735,1171,39,16.0,20.51,53
2736,2134,39,16.0,20.51,13
2737,3092,22,9.0,20.45,91
2738,2418,133,54.0,20.3,82
2739,2036,40,16.0,20.0,88
2740,2191,40,16.0,20.0,47
2741,1977,50,20.0,20.0,51
2742,33,40,16.0,20.0,73
2743,2102,40,16.0,20.0,30
2744,2016,40,16.0,20.0,58
2745,3062,40,16.0,20.0,46
2746,739,60,24.0,20.0,86
2747,2847,40,16.0,20.0,27
2748,1995,40,16.0,20.0,7
2749,2346,40,16.0,20.0,89
2750,1077,40,16.0,20.0,9
2751,2094,40,16.0,20.0,76
2752,86,40,16.0,20.0,33
2753,1248,40,16.0,20.0,20
2754,565,40,16.0,20.0,28
2755,1327,40,16.0,20.0,75
2756,1510,40,16.0,20.0,11
2757,208,40,16.0,20.0,76
2758,211,40,16.0,20.0,77
2759,1002,40,16.0,20.0,72
2760,194,40,16.0,20.0,42
2761,2872,40,16.0,20.0,84
2762,2357,40,16.0,20.0,57
2763,1739,40,16.0,20.0,92
2764,2127,40,16.0,20.0,78
2765,599,40,16.0,20.0,38
2766,536,40,16.0,20.0,37
2767,983,40,16.0,20.0,8
2768,3164,40,16.0,20.0,70
2769,649,40,16.0,20.0,10
2770,2442,40,16.0,20.0,72
2771,2786,40,16.0,20.0,43
2772,665,40,16.0,20.0,7
2773,2737,40,16.0,20.0,2
2774,978,40,16.0,20.0,50
2775,2923,40,16.0,20.0,78
2776,507,40,16.0,20.0,30
2777,400,40,16.0,20.0,64
2778,1434,40,16.0,20.0,7
2779,1591,40,16.0,20.0,9
2780,1998,40,16.0,20.0,23
2781,378,40,16.0,20.0,71
2782,2210,40,16.0,20.0,39
2783,1372,40,16.0,20.0,10
2784,3224,40,16.0,20.0,69
2785,2155,30,12.0,20.0,44
2786,2548,40,16.0,20.0,89
2787,430,41,16.0,19.51,89
2788,551,41,16.0,19.51,47
2789,3008,41,16.0,19.51,85
2790,2634,41,16.0,19.51,39
2791,2652,41,16.0,19.51,23
2792,1187,41,16.0,19.51,22
2793,1664,41,16.0,19.51,90
2794,2952,41,16.0,19.51,35
2795,2557,41,16.0,19.51,22
2796,2117,26,10.0,19.23,32
2797,713,40,15.3,19.12,32
2798,252,42,16.0,19.05,14
2799,1437,42,16.0,19.05,20
2800,2216,42,16.0,19.05,24
2801,818,42,16.0,19.05,21
2802,349,42,16.0,19.05,71
2803,1766,42,16.0,19.05,23
2804,568,42,16.0,19.05,21
2805,600,42,16.0,19.05,35
2806,177,42,16.0,19.05,44
2807,1499,42,16.0,19.05,87
2808,2137,42,16.0,19.05,3
2809,2135,42,16.0,19.05,84
2810,1287,42,16.0,19.05,7
2811,2126,42,16.0,19.05,23
2812,622,42,16.0,19.05,28
2813,2439,42,16.0,19.05,68
2814,1403,42,16.0,19.05,40
2815,429,42,16.0,19.05,31
2816,721,43,16.0,18.6,59
2817,222,43,16.0,18.6,64
2818,2837,43,16.0,18.6,58
2819,2797,43,16.0,18.6,35
2820,205,43,16.0,18.6,73
2821,2274,43,16.0,18.6,91
2822,1340,43,16.0,18.6,1
2823,2154,43,16.0,18.6,78
2824,338,43,16.0,18.6,89
2825,2636,41,15.0,18.29,33
2826,1566,44,16.0,18.18,41
2827,2570,44,16.0,18.18,48
2828,2031,44,16.0,18.18,10
2829,173,44,16.0,18.18,51
2830,2863,44,16.0,18.18,1
2831,1316,44,16.0,18.18,28
2832,2121,44,16.0,18.18,63
2833,544,44,16.0,18.18,77
2834,2540,44,16.0,18.18,83
2835,3168,44,16.0,18.18,51
2836,1535,44,16.0,18.18,18
2837,654,44,16.0,18.18,67
2838,312,45,16.0,17.78,11
2839,709,45,16.0,17.78,1
2840,2675,45,16.0,17.78,73
2841,1375,45,16.0,17.78,1
2842,439,45,16.0,17.78,87
2843,717,45,16.0,17.78,1
2844,780,45,16.0,17.78,62
2845,129,45,16.0,17.78,32
2846,1754,45,16.0,17.78,51
2847,2876,45,16.0,17.78,44
2848,1743,45,16.0,17.78,82
2849,590,45,16.0,17.78,3
2850,3225,45,16.0,17.78,14
2851,706,45,16.0,17.78,57
2852,253,45,16.0,17.78,20
2853,3114,45,16.0,17.78,86
2854,1408,45,16.0,17.78,13
2855,1391,45,16.0,17.78,32
2856,2255,45,16.0,17.78,25
2857,1633,45,16.0,17.78,83
2858,2753,45,16.0,17.78,57
2859,244,45,16.0,17.78,30
2860,243,45,16.0,17.78,57
2861,1513,45,16.0,17.78,34
2862,200,45,16.0,17.78,52
2863,1567,51,18.0,17.65,78
2864,2177,46,16.0,17.39,91
2865,1174,46,16.0,17.39,27
2866,1942,46,16.0,17.39,7
2867,2223,46,16.0,17.39,43
2868,2656,46,16.0,17.39,43
2869,3170,46,16.0,17.39,46
2870,1715,46,16.0,17.39,18
2871,658,46,16.0,17.39,91
2872,1347,46,16.0,17.39,37
2873,1373,46,16.0,17.39,54
2874,546,46,16.0,17.39,1
2875,1291,46,16.0,17.39,33
2876,3300,46,16.0,17.39,30
2877,2239,29,10.0,17.24,63
2878,2359,47,16.0,17.02,44
2879,214,47,16.0,17.02,92
2880,1702,47,16.0,17.02,38
2881,1982,47,16.0,17.02,92
2882,288,47,16.0,17.02,78
2883,334,47,16.0,17.02,73
2884,1596,47,16.0,17.02,83
2885,836,47,16.0,17.02,75
2886,1965,47,16.0,17.02,17
2887,2980,47,16.0,17.02,92
2888,1184,47,16.0,17.02,91
2889,699,47,16.0,17.02,2
2890,1687,59,20.0,16.95,42
2891,734,52,17.6,16.92,90
2892,176,48,16.0,16.67,35
2893,2954,48,16.0,16.67,3
2894,1422,48,16.0,16.67,29
2895,3150,48,16.0,16.67,31
2896,705,24,8.0,16.67,66
2897,2222,48,16.0,16.67,90
2898,1085,48,16.0,16.67,84
2899,1016,48,16.0,16.67,87
2900,181,48,16.0,16.67,46
2901,549,48,16.0,16.67,73
2902,1996,48,16.0,16.67,71
2903,30,48,16.0,16.67,59
2904,1785,48,16.0,16.67,5
2905,359,48,16.0,16.67,62
2906,714,47,15.6,16.6,11
2907,567,49,16.0,16.33,28
2908,2138,49,16.0,16.33,33
2909,411,49,16.0,16.33,31
2910,2180,49,16.0,16.33,20
2911,2712,49,16.0,16.33,80
2912,2747,49,16.0,16.33,55
2913,3134,49,16.0,16.33,14
2914,974,49,16.0,16.33,20
2915,1387,49,16.0,16.33,71
2916,825,49,16.0,16.33,51
2917,80,49,16.0,16.33,37
2918,3047,49,16.0,16.33,27
2919,862,49,16.0,16.33,45
2920,2232,47,15.2,16.17,69
2921,2257,31,10.0,16.13,81
2922,3235,50,16.0,16.0,46
2923,2122,50,16.0,16.0,50
2924,3301,50,16.0,16.0,48
2925,1690,50,16.0,16.0,14
2926,2740,50,16.0,16.0,73
2927,1074,50,16.0,16.0,5
2928,550,50,16.0,16.0,22
2929,1036,50,16.0,16.0,91
2930,669,50,16.0,16.0,20
2931,2474,50,16.0,16.0,59
2932,2569,50,16.0,16.0,50
2933,409,50,16.0,16.0,59
2934,2538,50,16.0,16.0,76
2935,2252,50,16.0,16.0,43
2936,1948,50,16.0,16.0,79
2937,663,50,16.0,16.0,28
2938,993,50,16.0,16.0,71
2939,596,50,16.0,16.0,85
2940,3295,50,16.0,16.0,9
2941,1005,50,16.0,16.0,10
2942,250,50,16.0,16.0,48
2943,3130,50,16.0,16.0,3
2944,3293,50,16.0,16.0,60
2945,3015,50,16.0,16.0,58
2946,277,50,16.0,16.0,60
2947,2983,50,16.0,16.0,27
2948,1557,50,16.0,16.0,69
2949,3283,50,16.0,16.0,83
2950,341,50,16.0,16.0,2
2951,539,51,16.0,15.69,60
2952,710,51,16.0,15.69,89
2953,2659,51,16.0,15.69,33
2954,1970,51,16.0,15.69,69
2955,1713,51,16.0,15.69,50
2956,610,51,16.0,15.69,66
2957,2933,51,16.0,15.69,33
2958,229,51,16.0,15.69,21
2959,2226,51,16.0,15.69,16
2960,3080,51,16.0,15.69,12
2961,178,52,16.0,15.38,37
2962,1515,52,16.0,15.38,89
2963,2641,52,16.0,15.38,4
2964,3304,52,16.0,15.38,49
2965,1577,52,16.0,15.38,13
2966,3294,52,16.0,15.38,92
2967,857,52,16.0,15.38,1
2968,2233,52,16.0,15.38,33
2969,1554,52,16.0,15.38,92
2970,545,52,16.0,15.38,88
2971,245,52,16.0,15.38,1
2972,703,52,16.0,15.38,83
2973,1518,52,16.0,15.38,80
2974,2633,33,10.0,15.15,56
2975,142,53,16.0,15.09,86
2976,116,53,16.0,15.09,41
2977,2227,53,16.0,15.09,89
2978,1627,53,16.0,15.09,56
2979,3002,53,16.0,15.09,84
2980,598,53,16.0,15.09,58
2981,1288,53,16.0,15.09,55
2982,1193,53,16.0,15.09,16
2983,2028,54,16.0,14.81,78
2984,1597,54,16.0,14.81,3
2985,631,54,16.0,14.81,63
2986,1993,54,16.0,14.81,40
2987,2936,54,16.0,14.81,84
2988,530,55,16.0,14.55,8
2989,1001,55,16.0,14.55,51
2990,1533,55,16.0,14.55,69
2991,1090,55,16.0,14.55,91
2992,2124,55,16.0,14.55,74
2993,2671,55,16.0,14.55,1
2994,96,55,16.0,14.55,9
2995,1185,55,16.0,14.55,27
2996,1153,55,16.0,14.55,3
2997,1949,56,16.0,14.29,48
2998,1542,56,16.0,14.29,22
2999,2932,56,16.0,14.29,84
3000,2646,56,16.0,14.29,85
3001,2123,56,16.0,14.29,80
3002,1097,56,16.0,14.29,10
3003,1568,71,20.0,14.08,49
3004,1501,57,16.0,14.04,66
3005,1552,57,16.0,14.04,4
3006,743,57,16.0,14.04,43
3007,738,58,16.0,13.79,79
3008,1028,58,16.0,13.79,29
3009,2088,58,16.0,13.79,91
3010,2998,58,16.0,13.79,38
3011,437,58,16.0,13.79,83
3012,660,58,16.0,13.79,83
3013,1175,58,16.0,13.79,14
3014,2225,58,16.0,13.79,41
3015,730,58,16.0,13.79,65
3016,2029,58,16.0,13.79,43
3017,831,59,16.0,13.56,78
3018,305,59,16.0,13.56,28
3019,2053,59,16.0,13.56,78
3020,1589,59,16.0,13.56,71
3021,656,59,16.0,13.56,57
3022,3296,60,16.0,13.33,79
3023,242,60,16.0,13.33,59
3024,1617,60,16.0,13.33,12
3025,2558,60,16.0,13.33,70
3026,800,60,16.0,13.33,25
3027,3290,60,16.0,13.33,2
3028,830,60,16.0,13.33,71
3029,3257,60,16.0,13.33,63
3030,187,60,16.0,13.33,66
3031,141,60,16.0,13.33,8
3032,2091,60,16.0,13.33,75
3033,1519,60,16.0,13.33,32
3034,2361,300,80.0,13.33,4
3035,1855,60,16.0,13.33,80
3036,1325,60,16.0,13.33,77
3037,1548,60,16.0,13.33,11
3038,1474,60,16.0,13.33,26
3039,2024,60,16.0,13.33,43
3040,822,60,16.0,13.33,20
3041,290,60,16.0,13.33,62
3042,1943,60,16.0,13.33,1
3043,2962,60,16.0,13.33,35
3044,796,91,24.0,13.19,75
3045,1768,61,16.0,13.11,64
3046,2715,61,16.0,13.11,92
3047,732,61,16.0,13.11,56
3048,2713,61,16.0,13.11,10
3049,2107,61,16.0,13.11,23
3050,1075,61,16.0,13.11,71
3051,1059,61,16.0,13.11,22
3052,1067,62,16.0,12.9,70
3053,726,62,16.0,12.9,77
3054,727,62,16.0,12.9,6
3055,2018,62,16.0,12.9,71
3056,2130,62,16.0,12.9,79
3057,528,62,16.0,12.9,18
3058,982,62,16.0,12.9,41
3059,1322,62,16.0,12.9,74
3060,2034,62,16.0,12.9,26
3061,1094,78,20.0,12.82,91
3062,570,63,16.0,12.7,36
3063,225,63,16.0,12.7,29
3064,2714,63,16.0,12.7,86
3065,988,63,16.0,12.7,39
3066,3004,63,16.0,12.7,26
3067,724,63,16.0,12.7,41
3068,3050,63,16.0,12.7,72
3069,1183,64,16.0,12.5,82
3070,1573,64,16.0,12.5,24
3071,2993,64,16.0,12.5,86
3072,2254,64,16.0,12.5,39
3073,1635,64,16.0,12.5,4
3074,1767,64,16.0,12.5,57
3075,1860,44,11.0,12.5,42
3076,640,64,16.0,12.5,27
3077,975,65,16.0,12.31,28
3078,1574,65,16.0,12.31,20
3079,117,65,16.0,12.31,61
3080,2877,65,16.0,12.31,82
3081,747,65,16.0,12.31,4
3082,2541,90,22.0,12.22,41
3083,2635,41,10.0,12.2,81
3084,3220,66,16.0,12.12,50
3085,664,66,16.0,12.12,8
3086,438,66,16.0,12.12,5
3087,2968,66,16.0,12.12,6
3088,339,66,16.0,12.12,1
3089,1345,66,16.0,12.12,15
3090,2670,62,15.0,12.1,42
3091,2650,62,15.0,12.1,86
3092,1575,67,16.0,11.94,3
3093,745,67,16.0,11.94,3
3094,2240,67,16.0,11.94,61
3095,146,67,16.0,11.94,91
3096,240,67,16.0,11.94,53
3097,1065,68,16.0,11.76,36
3098,182,69,16.0,11.59,51
3099,2353,69,16.0,11.59,6
3100,285,69,16.0,11.59,52
3101,2643,69,16.0,11.59,88
3102,3307,69,16.0,11.59,52
3103,2669,70,16.0,11.43,59
3104,1395,70,16.0,11.43,65
3105,1817,70,16.0,11.43,66
3106,580,70,16.0,11.43,57
3107,3306,70,16.0,11.43,39
3108,2131,70,16.0,11.43,92
3109,2438,70,16.0,11.43,56
3110,1671,70,16.0,11.43,13
3111,537,70,16.0,11.43,40
3112,1081,70,16.0,11.43,9
3113,291,70,16.0,11.43,8
3114,2237,70,16.0,11.43,39
3115,1804,70,16.0,11.43,67
3116,2377,71,16.0,11.27,4
3117,1064,72,16.0,11.11,30
3118,2220,45,10.0,11.11,80
3119,643,72,16.0,11.11,37
3120,228,73,16.0,10.96,14
3121,2129,73,16.0,10.96,63
3122,2965,73,16.0,10.96,90
3123,2345,69,15.0,10.87,16
3124,1344,74,16.0,10.81,49
3125,1967,74,16.0,10.81,3
3126,1539,74,16.0,10.81,42
3127,2324,74,16.0,10.81,33
3128,57,74,16.0,10.81,8
3129,650,75,16.0,10.67,47
3130,1741,75,16.0,10.67,92
3131,1810,75,16.0,10.67,69
3132,1179,75,16.0,10.67,79
3133,61,75,16.0,10.67,60
3134,623,75,16.0,10.67,53
3135,1289,75,16.0,10.67,68
3136,2111,75,16.0,10.67,15
3137,1579,76,16.0,10.53,91
3138,712,76,16.0,10.53,69
3139,1019,48,10.0,10.42,38
3140,1083,77,16.0,10.39,5
3141,2828,77,16.0,10.39,40
3142,2344,77,16.0,10.39,59
3143,547,77,16.0,10.39,68
3144,1571,77,16.0,10.39,47
3145,1004,77,16.0,10.39,51
3146,2319,78,16.0,10.26,67
3147,145,78,16.0,10.26,27
3148,3284,78,16.0,10.26,74
3149,3282,78,16.0,10.26,67
3150,863,78,16.0,10.26,81
3151,246,78,16.0,10.26,89
3152,3201,78,16.0,10.26,3
3153,1550,78,16.0,10.26,20
3154,2939,78,16.0,10.26,25
3155,3117,49,10.0,10.2,67
3156,2822,79,16.0,10.13,92
3157,1246,79,16.0,10.13,33
3158,1068,79,16.0,10.13,73
3159,725,82,16.6,10.12,79
3160,1639,80,16.0,10.0,28
3161,2275,80,16.0,10.0,82
3162,2553,80,16.0,10.0,77
3163,1079,80,16.0,10.0,25
3164,3146,80,16.0,10.0,19
3165,1314,80,16.0,10.0,20
3166,2794,80,16.0,10.0,92
3167,3299,50,10.0,10.0,46
3168,594,80,16.0,10.0,89
3169,3183,80,16.0,10.0,7
3170,2284,80,16.0,10.0,74
3171,997,80,16.0,10.0,16
3172,3308,80,16.0,10.0,88
3173,755,80,16.0,10.0,72
3174,2000,81,16.0,9.88,85
3175,3046,81,16.0,9.88,82
3176,1994,81,16.0,9.88,74
3177,2637,76,15.0,9.87,83
3178,170,82,16.0,9.76,89
3179,1073,82,16.0,9.76,62
3180,1707,82,16.0,9.76,16
3181,1980,82,16.0,9.76,92
3182,2136,83,16.0,9.64,60
3183,2140,83,16.0,9.64,56
3184,1975,83,16.0,9.64,68
3185,2369,84,16.0,9.52,53
3186,2981,84,16.0,9.52,74
3187,2002,84,16.0,9.52,18
3188,980,84,16.0,9.52,40
3189,221,84,16.0,9.52,37
3190,984,85,16.0,9.41,51
3191,226,85,16.0,9.41,64
3192,1504,85,16.0,9.41,73
3193,218,86,16.0,9.3,11
3194,1003,86,16.0,9.3,49
3195,2638,62,11.5,9.27,62
3196,93,87,16.0,9.2,15
3197,2706,88,16.0,9.09,45
3198,1406,88,16.0,9.09,38
3199,1999,88,16.0,9.09,5
3200,1180,88,16.0,9.09,72
3201,2328,88,16.0,9.09,89
3202,666,88,16.0,9.09,79
3203,541,89,16.0,8.99,58
3204,999,67,12.0,8.96,64
3205,1514,90,16.0,8.89,11
3206,1290,90,16.0,8.89,64
3207,1038,45,8.0,8.89,89
3208,995,90,16.0,8.89,72
3209,1585,90,16.0,8.89,39
3210,1343,90,16.0,8.89,65
3211,2087,91,16.0,8.79,55
3212,104,91,16.0,8.79,83
3213,1546,92,16.0,8.7,64
3214,652,92,16.0,8.7,35
3215,2230,92,16.0,8.7,31
3216,1981,92,16.0,8.7,53
3217,2427,92,16.0,8.7,79
3218,728,58,10.0,8.62,63
3219,2472,93,16.0,8.6,85
3220,659,94,16.0,8.51,8
3221,657,94,16.0,8.51,4
3222,740,59,10.0,8.47,4
3223,720,95,16.0,8.42,29
3224,1070,95,16.0,8.42,63
3225,1315,95,16.0,8.42,57
3226,1332,95,16.0,8.42,83
3227,737,91,15.3,8.41,13
3228,335,96,16.0,8.33,57
3229,1807,96,16.0,8.33,71
3230,1324,96,16.0,8.33,63
3231,1544,96,16.0,8.33,9
3232,1189,96,16.0,8.33,40
3233,994,97,16.0,8.25,13
3234,1465,97,16.0,8.25,4
3235,661,97,16.0,8.25,2
3236,1545,98,16.0,8.16,24
3237,3292,98,16.0,8.16,50
3238,1625,98,16.0,8.16,21
3239,2221,98,16.0,8.16,60
3240,3291,98,16.0,8.16,39
3241,1997,98,16.0,8.16,64
3242,2657,62,10.0,8.06,43
3243,1547,100,16.0,8.0,65
3244,1293,100,16.0,8.0,73
3245,2922,100,16.0,8.0,40
3246,3185,50,8.0,8.0,89
3247,2801,63,10.0,7.94,1
3248,1740,102,16.0,7.84,6
3249,2640,102,16.0,7.84,74
3250,1587,103,16.0,7.77,76
3251,696,335,52.0,7.76,53
3252,3258,78,12.0,7.69,89
3253,1186,104,16.0,7.69,2
3254,143,105,16.0,7.62,76
3255,2790,107,16.0,7.48,75
3256,3107,110,16.0,7.27,2
3257,2579,110,16.0,7.27,81
3258,1191,110,16.0,7.27,43
3259,1662,110,16.0,7.27,65
3260,1188,111,16.0,7.21,22
3261,2741,112,16.0,7.14,54
3262,1323,112,16.0,7.14,91
3263,674,112,16.0,7.14,19
3264,1582,212,30.0,7.08,36
3265,540,114,16.0,7.02,78
3266,2006,116,16.0,6.9,56
3267,89,116,16.0,6.9,12
3268,2644,116,16.0,6.9,8
3269,105,117,16.0,6.84,5
3270,1565,117,16.0,6.84,79
3271,109,117,16.0,6.84,4
3272,1541,118,16.0,6.78,86
3273,775,118,16.0,6.78,75
3274,3082,120,16.0,6.67,22
3275,1435,120,16.0,6.67,84
3276,3236,120,16.0,6.67,79
3277,2201,120,16.0,6.67,8
3278,1684,120,16.0,6.67,88
3279,1011,120,16.0,6.67,86
3280,2193,92,12.0,6.52,2
3281,667,123,16.0,6.5,86
3282,2881,123,16.0,6.5,82
3283,2668,130,16.0,6.15,88
3284,548,130,16.0,6.15,78
3285,2791,137,16.0,5.84,2
3286,3165,140,16.0,5.71,52
3287,979,88,10.0,5.68,48
3288,1317,141,16.0,5.67,53
3289,996,144,16.0,5.56,76
3290,668,145,16.0,5.52,4
3291,3081,148,16.0,5.41,6
3292,1339,150,16.0,5.33,11
3293,2946,151,16.0,5.3,76
3294,185,153,16.0,5.23,76
3295,543,162,16.0,4.94,33
3296,1537,163,16.0,4.91,22
3297,2894,166,16.0,4.82,26
3298,169,175,16.0,4.57,70
3299,2545,175,16.0,4.57,25
3300,2658,110,10.0,4.55,82
3301,2716,110,10.0,4.55,2
3302,2217,111,10.0,4.5,38
3303,2256,111,10.0,4.5,84
3304,2219,111,10.0,4.5,9
3305,2804,180,16.0,4.44,86
3306,1318,180,16.0,4.44,6
3307,1439,184,16.0,4.35,43
3308,991,200,16.0,4.0,30
3309,2348,243,16.0,3.29,90
3310,413,250,16.0,3.2,37
3311,2823,257,16.0,3.11,3
3312,2428,245,15.0,3.06,10
3313,1580,165,10.0,3.03,68
3314,1595,245,10.0,2.04,1
3315,2997,250,10.0,2.0,90
