Beneficiario,Fonte
1,31
2,36
3,59
4,9
5,61
6,59
7,51
8,32
9,52
10,19
11,59
12,84
13,26
14,90
15,5
16,42
17,4
18,41
19,12
20,37
21,23
22,82
23,79
24,75
25,58
26,75
27,48
28,61
29,83
30,59
31,62
32,21
33,73
34,77
35,85
36,2
37,88
38,51
39,12
40,0
41,80
42,16
43,0
44,6
45,89
46,49
47,33
48,2
49,6
50,69
51,49
52,48
53,9
54,47
55,45
56,4
57,8
58,83
59,81
60,38
61,60
62,43
63,92
64,20
65,44
66,66
67,77
68,37
69,71
70,33
71,58
72,66
73,55
74,6
75,79
76,89
77,78
78,65
79,51
80,37
81,82
82,25
83,92
84,85
85,9
86,33
87,54
88,41
89,12
90,40
91,37
92,3
93,15
94,80
95,52
96,9
97,53
98,49
99,59
100,73
101,16
102,60
103,74
104,83
105,5
106,21
107,35
108,20
109,4
110,45
111,4
112,18
113,70
114,68
115,60
116,41
117,61
118,79
119,68
120,1
121,35
122,36
123,7
124,51
125,13
126,50
127,21
128,46
129,32
130,91
131,88
132,4
133,67
134,84
135,57
136,70
137,92
138,68
139,71
140,30
141,8
142,86
143,76
144,11
145,27
146,91
147,7
148,44
149,59
150,71
151,63
152,51
153,85
154,82
155,14
156,70
157,32
158,39
159,70
160,3
161,17
162,61
163,74
164,29
165,35
166,37
167,79
168,8
169,70
170,89
171,80
172,72
173,51
174,90
175,31
176,35
177,44
178,37
179,66
180,48
181,46
182,51
183,2
184,24
185,76
186,74
187,66
188,47
189,67
190,3
191,74
192,1
193,41
194,42
195,13
196,57
197,19
198,56
199,27
200,52
201,5
202,25
203,5
204,2
205,73
206,90
207,63
208,76
209,54
210,74
211,77
212,36
213,14
214,92
215,82
216,17
217,13
218,11
219,27
220,92
221,37
222,64
223,3
224,21
225,29
226,64
227,48
228,14
229,21
230,48
231,62
232,63
233,7
234,62
235,54
236,20
237,27
238,18
239,1
240,53
241,86
242,59
243,57
244,30
245,1
246,89
247,1
248,52
249,86
250,48
251,27
252,14
253,20
254,76
255,42
256,25
257,67
258,80
259,46
260,50
261,56
262,60
263,42
264,40
265,1
266,81
267,34
268,50
269,39
270,78
271,36
272,86
273,74
274,20
275,18
276,9
277,60
278,13
279,66
280,73
281,26
282,36
283,38
284,70
285,52
286,28
287,15
288,78
289,55
290,62
291,8
292,33
293,85
294,2
295,75
296,56
297,76
298,43
299,92
300,11
301,50
302,51
303,72
304,64
305,28
306,65
307,36
308,61
309,14
310,18
311,15
312,11
313,71
314,67
315,7
316,85
317,8
318,83
319,55
320,46
321,23
322,39
323,91
324,25
325,22
326,20
327,36
328,92
329,46
330,40
331,8
332,25
333,38
334,73
335,57
336,67
337,80
338,89
339,1
340,72
341,2
342,52
343,67
344,84
345,22
346,27
347,16
348,62
349,71
350,67
351,69
352,44
353,2
354,90
355,5
356,61
357,7
358,3
359,62
360,10
361,42
362,66
363,17
364,61
365,77
366,9
367,81
368,63
369,83
370,7
371,73
372,14
373,56
374,57
375,28
376,72
377,34
378,71
379,77
380,49
381,53
382,40
383,20
384,29
385,13
386,73
387,13
388,6
389,1
390,89
391,92
392,2
393,28
394,86
395,87
396,81
397,45
398,69
399,20
400,64
401,80
402,2
403,84
404,66
405,86
406,10
407,76
408,17
409,59
410,60
411,31
412,75
413,37
414,74
415,80
416,52
417,56
418,43
419,23
420,32
421,16
422,76
423,16
424,9
425,1
426,92
427,64
428,5
429,31
430,89
431,90
432,84
433,49
434,72
435,24
436,68
437,83
438,5
439,87
440,69
441,89
442,13
443,38
444,1
445,18
446,63
447,41
448,27
449,40
450,85
451,83
452,55
453,20
454,46
455,46
456,12
457,19
458,2
459,19
460,0
461,4
462,27
463,22
464,31
465,34
466,54
467,54
468,72
469,52
470,75
471,27
472,71
473,86
474,8
475,90
476,72
477,92
478,16
479,41
480,4
481,21
482,66
483,44
484,30
485,43
486,88
487,86
488,0
489,23
490,49
491,49
492,15
493,22
494,5
495,22
496,15
497,7
498,30
499,25
500,34
501,37
502,57
503,57
504,75
505,55
506,78
507,30
508,74
509,89
510,11
511,0
512,75
513,0
514,19
515,44
516,2
517,24
518,69
519,47
520,33
521,46
522,91
523,90
524,61
525,26
526,52
527,52
528,18
529,25
530,8
531,25
532,18
533,10
534,33
535,28
536,37
537,40
538,60
539,60
540,78
541,58
542,81
543,33
544,77
545,92
546,1
547,68
548,78
549,73
550,22
551,47
552,5
553,27
554,2
555,50
556,36
557,49
558,82
559,91
560,15
561,29
562,55
563,55
564,21
565,28
566,11
567,28
568,21
569,13
570,36
571,31
572,40
573,43
574,63
575,63
576,81
577,4
578,84
579,2
580,57
581,91
582,17
583,15
584,80
585,76
586,8
587,91
588,15
589,74
590,3
591,46
592,90
593,52
594,89
595,60
596,85
597,38
598,58
599,38
600,35
601,31
602,14
603,31
604,3
605,17
606,39
607,79
608,18
609,47
610,66
611,66
612,50
613,64
614,87
615,39
616,83
617,91
618,6
619,74
620,85
621,79
622,28
623,53
624,5
625,6
626,8
627,56
628,42
629,55
630,88
631,63
632,6
633,35
634,61
635,61
636,27
637,34
638,17
639,34
640,27
641,19
642,42
643,37
644,46
645,49
646,69
647,69
648,87
649,10
650,47
651,63
652,35
653,73
654,67
655,39
656,57
657,4
658,91
659,8
660,83
661,2
662,84
663,28
664,8
665,7
666,79
667,86
668,4
669,20
670,54
671,42
672,89
673,53
674,19
675,0
676,71
677,29
678,59
679,25
680,88
681,34
682,0
683,89
684,17
685,90
686,50
687,66
688,38
689,76
690,2
691,11
692,60
693,68
694,62
695,87
696,53
697,76
698,87
699,2
700,9
701,10
702,92
703,83
704,1
705,66
706,57
707,40
708,92
709,1
710,89
711,6
712,69
713,32
714,11
715,36
716,91
717,1
718,33
719,66
720,29
721,59
722,53
723,69
724,41
725,79
726,77
727,6
728,63
729,71
730,65
731,90
732,56
733,79
734,90
735,5
736,12
737,13
738,79
739,86
740,4
741,69
742,60
743,43
744,46
745,3
746,92
747,4
748,84
749,35
750,77
751,45
752,3
753,2
754,36
755,72
756,32
757,75
758,2
759,7
760,72
761,2
762,18
763,86
764,22
765,4
766,24
767,65
768,14
769,89
770,12
771,61
772,54
773,13
774,82
775,75
776,18
777,86
778,73
779,53
780,62
781,46
782,29
783,46
784,39
785,31
786,54
787,30
788,35
789,11
790,91
791,81
792,38
793,22
794,85
795,2
796,75
797,34
798,37
799,33
800,25
801,5
802,85
803,92
804,67
805,59
806,23
807,26
808,24
809,2
810,85
811,78
812,5
813,56
814,60
815,47
816,53
817,6
818,21
819,18
820,20
821,39
822,20
823,30
824,42
825,51
826,81
827,73
828,73
829,64
830,71
831,78
832,50
833,88
834,82
835,51
836,75
837,7
838,60
839,23
840,66
841,17
842,82
843,2
844,23
845,5
846,91
847,87
848,19
849,35
850,69
851,57
852,55
853,13
854,21
855,10
856,86
857,1
858,74
859,40
860,80
861,11
862,45
863,81
864,13
865,40
866,91
867,1
868,81
869,41
870,41
871,39
872,31
873,11
874,91
875,1
876,76
877,65
878,29
879,36
880,30
881,8
882,91
883,84
884,11
885,62
886,4
887,54
888,59
889,12
890,27
891,23
892,26
893,42
894,63
895,36
896,9
897,2
898,87
899,79
900,79
901,70
902,77
903,84
904,56
905,69
906,88
907,57
908,81
909,13
910,69
911,29
912,72
913,23
914,88
915,8
916,29
917,11
918,27
919,8
920,25
921,41
922,75
923,64
924,61
925,19
926,27
927,16
928,92
929,2
930,80
931,46
932,86
933,17
934,51
935,87
936,17
937,90
938,20
939,13
940,59
941,47
942,47
943,45
944,37
945,17
946,38
947,80
948,51
949,80
950,20
951,42
952,36
953,14
954,11
955,90
956,17
957,68
958,9
959,60
960,73
961,18
962,33
963,29
964,38
965,48
966,7
967,46
968,16
969,7
970,58
971,85
972,85
973,76
974,20
975,28
976,90
977,7
978,50
979,48
980,40
981,21
982,41
983,8
984,51
985,83
986,23
987,79
988,39
989,29
990,1
991,30
992,1
993,71
994,13
995,72
996,76
997,16
998,36
999,64
1000,39
1001,51
1002,72
1003,49
1004,51
1005,10
1006,61
1007,88
1008,74
1009,79
1010,77
1011,86
1012,1
1013,78
1014,76
1015,49
1016,87
1017,22
1018,3
1019,38
1020,80
1021,87
1022,85
1023,10
1024,36
1025,20
1026,16
1027,26
1028,29
1029,50
1030,84
1031,72
1032,70
1033,28
1034,49
1035,28
1036,91
1037,16
1038,89
1039,69
1040,27
1041,28
1042,60
1043,92
1044,25
1045,6
1046,80
1047,3
1048,68
1049,74
1050,86
1051,59
1052,90
1053,25
1054,6
1055,14
1056,83
1057,90
1058,92
1059,22
1060,86
1061,30
1062,1
1063,29
1064,30
1065,36
1066,4
1067,70
1068,73
1069,30
1070,63
1071,27
1072,90
1073,62
1074,5
1075,71
1076,30
1077,9
1078,63
1079,25
1080,3
1081,9
1082,92
1083,5
1084,7
1085,84
1086,82
1087,72
1088,86
1089,4
1090,91
1091,65
1092,1
1093,38
1094,91
1095,67
1096,92
1097,10
1098,42
1099,23
1100,40
1101,56
1102,90
1103,79
1104,59
1105,34
1106,42
1107,32
1108,92
1109,15
1110,86
1111,61
1112,7
1113,59
1114,66
1115,77
1116,32
1117,1
1118,32
1119,37
1120,60
1121,10
1122,62
1123,60
1124,52
1125,33
1126,53
1127,89
1128,60
1129,85
1130,27
1131,91
1132,5
1133,43
1134,5
1135,42
1136,13
1137,38
1138,24
1139,83
1140,80
1141,76
1142,59
1143,76
1144,49
1145,62
1146,84
1147,60
1148,63
1149,22
1150,74
1151,78
1152,86
1153,3
1154,17
1155,84
1156,63
1157,36
1158,51
1159,63
1160,55
1161,37
1162,73
1163,92
1164,6
1165,51
1166,24
1167,31
1168,9
1169,92
1170,8
1171,53
1172,66
1173,80
1174,27
1175,14
1176,14
1177,3
1178,62
1179,79
1180,72
1181,64
1182,87
1183,82
1184,91
1185,27
1186,2
1187,22
1188,22
1189,40
1190,38
1191,43
1192,2
1193,16
1194,68
1195,66
1196,58
1197,39
1198,59
1199,91
1200,66
1201,91
1202,33
1203,34
1204,0
1205,49
1206,11
1207,48
1208,19
1209,44
1210,30
1211,89
1212,86
1213,2
1214,65
1215,82
1216,55
1217,68
1218,90
1219,66
1220,69
1221,28
1222,6
1223,84
1224,92
1225,9
1226,23
1227,90
1228,5
1229,42
1230,57
1231,69
1232,61
1233,43
1234,79
1235,80
1236,12
1237,57
1238,30
1239,37
1240,15
1241,1
1242,14
1243,59
1244,57
1245,29
1246,33
1247,20
1248,20
1249,9
1250,68
1251,85
1252,78
1253,70
1254,49
1255,88
1256,74
1257,5
1258,0
1259,28
1260,28
1261,46
1262,0
1263,0
1264,83
1265,91
1266,90
1267,92
1268,10
1269,32
1270,15
1271,80
1272,8
1273,53
1274,75
1275,7
1276,59
1277,21
1278,46
1279,1
1280,6
1281,62
1282,8
1283,78
1284,15
1285,52
1286,64
1287,7
1288,55
1289,68
1290,64
1291,33
1292,3
1293,73
1294,72
1295,84
1296,5
1297,46
1298,47
1299,52
1300,3
1301,25
1302,77
1303,75
1304,67
1305,48
1306,68
1307,4
1308,75
1309,2
1310,42
1311,43
1312,14
1313,58
1314,20
1315,57
1316,28
1317,53
1318,6
1319,26
1320,6
1321,3
1322,74
1323,91
1324,63
1325,77
1326,55
1327,75
1328,78
1329,37
1330,15
1331,68
1332,83
1333,18
1334,14
1335,12
1336,28
1337,84
1338,50
1339,11
1340,1
1341,22
1342,30
1343,65
1344,49
1345,15
1346,38
1347,37
1348,1
1349,47
1350,8
1351,53
1352,56
1353,77
1354,28
1355,19
1356,7
1357,55
1358,76
1359,55
1360,61
1361,43
1362,2
1363,77
1364,4
1365,55
1366,87
1367,49
1368,52
1369,15
1370,35
1371,53
1372,10
1373,54
1374,69
1375,1
1376,73
1377,55
1378,91
1379,92
1380,24
1381,69
1382,4
1383,49
1384,27
1385,13
1386,26
1387,71
1388,84
1389,41
1390,6
1391,32
1392,32
1393,21
1394,5
1395,65
1396,90
1397,82
1398,4
1399,13
1400,8
1401,17
1402,20
1403,40
1404,40
1405,58
1406,38
1407,61
1408,13
1409,57
1410,72
1411,4
1412,76
1413,58
1414,78
1415,2
1416,27
1417,0
1418,7
1419,52
1420,30
1421,16
1422,29
1423,74
1424,72
1425,44
1426,0
1427,35
1428,35
1429,1
1430,0
1431,68
1432,8
1433,1
1434,7
1435,84
1436,11
1437,20
1438,23
1439,43
1440,43
1441,61
1442,41
1443,64
1444,16
1445,60
1446,75
1447,6
1448,79
1449,61
1450,81
1451,5
1452,30
1453,75
1454,10
1455,55
1456,33
1457,19
1458,32
1459,77
1460,90
1461,1
1462,12
1463,38
1464,38
1465,4
1466,11
1467,71
1468,11
1469,4
1470,10
1471,19
1472,14
1473,23
1474,26
1475,46
1476,46
1477,64
1478,24
1479,24
1480,40
1481,12
1482,50
1483,84
1484,78
1485,33
1486,33
1487,77
1488,6
1489,71
1490,90
1491,92
1492,8
1493,39
1494,75
1495,56
1496,71
1497,89
1498,26
1499,87
1500,20
1501,66
1502,75
1503,71
1504,73
1505,48
1506,82
1507,89
1508,2
1509,92
1510,11
1511,89
1512,65
1513,34
1514,11
1515,89
1516,55
1517,38
1518,80
1519,32
1520,59
1521,63
1522,69
1523,73
1524,3
1525,53
1526,87
1527,7
1528,2
1529,63
1530,52
1531,91
1532,49
1533,69
1534,47
1535,18
1536,11
1537,22
1538,27
1539,42
1540,39
1541,86
1542,22
1543,26
1544,9
1545,24
1546,64
1547,65
1548,11
1549,75
1550,20
1551,73
1552,4
1553,46
1554,92
1555,6
1556,4
1557,69
1558,89
1559,14
1560,80
1561,4
1562,63
1563,64
1564,35
1565,79
1566,41
1567,78
1568,49
1569,74
1570,27
1571,47
1572,27
1573,24
1574,20
1575,3
1576,20
1577,13
1578,6
1579,91
1580,68
1581,7
1582,36
1583,89
1584,22
1585,39
1586,35
1587,76
1588,7
1589,71
1590,87
1591,9
1592,91
1593,73
1594,92
1595,1
1596,83
1597,3
1598,66
1599,0
1600,38
1601,82
1602,44
1603,81
1604,87
1605,59
1606,63
1607,50
1608,30
1609,39
1610,23
1611,6
1612,23
1613,16
1614,8
1615,31
1616,71
1617,12
1618,38
1619,68
1620,25
1621,91
1622,38
1623,91
1624,7
1625,21
1626,62
1627,56
1628,90
1629,38
1630,54
1631,89
1632,10
1633,83
1634,46
1635,4
1636,20
1637,51
1638,80
1639,28
1640,82
1641,92
1642,38
1643,12
1644,32
1645,11
1646,87
1647,8
1648,85
1649,92
1650,10
1651,41
1652,52
1653,24
1654,69
1655,91
1656,66
1657,2
1658,35
1659,75
1660,2
1661,24
1662,65
1663,59
1664,90
1665,1
1666,14
1667,40
1668,21
1669,86
1670,49
1671,13
1672,17
1673,0
1674,83
1675,31
1676,85
1677,73
1678,3
1679,82
1680,10
1681,84
1682,4
1683,7
1684,88
1685,91
1686,3
1687,42
1688,35
1689,75
1690,14
1691,9
1692,44
1693,79
1694,26
1695,78
1696,5
1697,27
1698,68
1699,62
1700,92
1701,44
1702,38
1703,89
1704,3
1705,89
1706,2
1707,16
1708,26
1709,61
1710,81
1711,35
1712,88
1713,50
1714,44
1715,18
1716,38
1717,18
1718,48
1719,1
1720,91
1721,74
1722,6
1723,47
1724,58
1725,30
1726,78
1727,62
1728,72
1729,32
1730,41
1731,45
1732,61
1733,33
1734,71
1735,65
1736,33
1737,50
1738,63
1739,92
1740,6
1741,92
1742,5
1743,82
1744,26
1745,6
1746,84
1747,77
1748,92
1749,2
1750,17
1751,52
1752,41
1753,87
1754,51
1755,4
1756,1
1757,69
1758,27
1759,57
1760,23
1761,86
1762,32
1763,28
1764,87
1765,15
1766,23
1767,57
1768,64
1769,36
1770,74
1771,68
1772,37
1773,61
1774,23
1775,92
1776,9
1777,86
1778,3
1779,80
1780,29
1781,83
1782,87
1783,80
1784,87
1785,5
1786,21
1787,55
1788,44
1789,91
1790,13
1791,7
1792,3
1793,72
1794,30
1795,60
1796,26
1797,89
1798,35
1799,31
1800,89
1801,18
1802,35
1803,51
1804,67
1805,36
1806,77
1807,71
1808,37
1809,53
1810,69
1811,52
1812,12
1813,89
1814,6
1815,19
1816,35
1817,66
1818,90
1819,83
1820,90
1821,5
1822,24
1823,27
1824,47
1825,26
1826,57
1827,9
1828,48
1829,8
1830,15
1831,56
1832,67
1833,39
1834,84
1835,34
1836,80
1837,41
1838,50
1839,63
1840,0
1841,42
1842,30
1843,22
1844,26
1845,67
1846,1
1847,80
1848,91
1849,58
1850,54
1851,92
1852,19
1853,89
1854,4
1855,80
1856,92
1857,6
1858,27
1859,61
1860,42
1861,92
1862,5
1863,92
1864,2
1865,57
1866,33
1867,78
1868,42
1869,72
1870,22
1871,91
1872,69
1873,42
1874,59
1875,66
1876,69
1877,45
1878,33
1879,56
1880,29
1881,70
1882,3
1883,83
1884,92
1885,61
1886,57
1887,67
1888,3
1889,92
1890,7
1891,83
1892,90
1893,3
1894,30
1895,64
1896,45
1897,50
1898,8
1899,16
1900,5
1901,60
1902,36
1903,81
1904,45
1905,75
1906,25
1907,39
1908,72
1909,45
1910,66
1911,60
1912,23
1913,45
1914,86
1915,80
1916,46
1917,62
1918,2
1919,68
1920,21
1921,88
1922,15
1923,28
1924,44
1925,79
1926,1
1927,53
1928,2
1929,14
1930,62
1931,36
1932,56
1933,36
1934,66
1935,18
1936,0
1937,17
1938,24
1939,65
1940,76
1941,48
1942,7
1943,1
1944,89
1945,50
1946,8
1947,63
1948,79
1949,48
1950,89
1951,83
1952,49
1953,65
1954,5
1955,71
1956,24
1957,91
1958,18
1959,31
1960,47
1961,82
1962,4
1963,56
1964,3
1965,17
1966,36
1967,3
1968,59
1969,39
1970,69
1971,21
1972,60
1973,20
1974,27
1975,68
1976,79
1977,51
1978,10
1979,4
1980,92
1981,53
1982,92
1983,87
1984,17
1985,82
1986,5
1987,42
1988,40
1989,32
1990,13
1991,33
1992,75
1993,40
1994,74
1995,7
1996,71
1997,64
1998,23
1999,5
2000,85
2001,70
2002,18
2003,4
2004,63
2005,60
2006,56
2007,39
2008,56
2009,29
2010,42
2011,64
2012,40
2013,43
2014,2
2015,91
2016,58
2017,75
2018,71
2019,90
2020,20
2021,85
2022,2
2023,45
2024,43
2025,35
2026,16
2027,36
2028,78
2029,43
2030,77
2031,10
2032,74
2033,67
2034,26
2035,8
2036,88
2037,73
2038,21
2039,7
2040,66
2041,63
2042,59
2043,42
2044,59
2045,32
2046,45
2047,67
2048,43
2049,46
2050,5
2051,91
2052,61
2053,78
2054,74
2055,72
2056,88
2057,60
2058,73
2059,71
2060,44
2061,82
2062,17
2063,10
2064,33
2065,75
2066,82
2067,80
2068,5
2069,31
2070,15
2071,11
2072,21
2073,24
2074,45
2075,79
2076,67
2077,65
2078,23
2079,44
2080,23
2081,86
2082,11
2083,84
2084,64
2085,92
2086,23
2087,55
2088,91
2089,20
2090,1
2091,75
2092,38
2093,60
2094,76
2095,89
2096,79
2097,92
2098,10
2099,81
2100,57
2101,9
2102,30
2103,52
2104,53
2105,90
2106,16
2107,23
2108,17
2109,33
2110,39
2111,15
2112,55
2113,49
2114,79
2115,41
2116,47
2117,32
2118,75
2119,41
2120,72
2121,63
2122,50
2123,80
2124,74
2125,27
2126,23
2127,78
2128,41
2129,63
2130,79
2131,92
2132,82
2133,41
2134,13
2135,84
2136,60
2137,3
2138,33
2139,55
2140,56
2141,88
2142,1
2143,33
2144,20
2145,1
2146,42
2147,3
2148,58
2149,52
2150,82
2151,44
2152,50
2153,35
2154,78
2155,44
2156,75
2157,1
2158,53
2159,83
2160,77
2161,30
2162,26
2163,81
2164,44
2165,1
2166,82
2167,73
2168,85
2169,44
2170,16
2171,87
2172,63
2173,2
2174,36
2175,58
2176,59
2177,91
2178,4
2179,29
2180,20
2181,1
2182,45
2183,6
2184,61
2185,55
2186,85
2187,47
2188,53
2189,38
2190,81
2191,47
2192,78
2193,2
2194,56
2195,86
2196,80
2197,33
2198,29
2199,84
2200,47
2201,8
2202,85
2203,76
2204,70
2205,46
2206,6
2207,92
2208,45
2209,2
2210,39
2211,52
2212,68
2213,45
2214,11
2215,77
2216,24
2217,38
2218,57
2219,9
2220,80
2221,60
2222,90
2223,43
2224,39
2225,41
2226,16
2227,89
2228,84
2229,72
2230,31
2231,25
2232,69
2233,33
2234,32
2235,33
2236,38
2237,39
2238,11
2239,63
2240,61
2241,53
2242,0
2243,54
2244,90
2245,61
2246,86
2247,28
2248,92
2249,6
2250,44
2251,6
2252,43
2253,14
2254,39
2255,25
2256,84
2257,81
2258,1
2259,60
2260,77
2261,49
2262,63
2263,85
2264,61
2265,64
2266,23
2267,1
2268,79
2269,87
2270,4
2271,3
2272,53
2273,14
2274,91
2275,82
2276,76
2277,92
2278,10
2279,88
2280,51
2281,4
2282,45
2283,64
2284,74
2285,51
2286,17
2287,83
2288,30
2289,44
2290,63
2291,1
2292,86
2293,66
2294,57
2295,48
2296,87
2297,47
2298,54
2299,46
2300,90
2301,14
2302,37
2303,34
2304,75
2305,80
2306,38
2307,2
2308,56
2309,17
2310,86
2311,85
2312,79
2313,55
2314,15
2315,91
2316,54
2317,3
2318,48
2319,67
2320,77
2321,54
2322,20
2323,86
2324,33
2325,47
2326,66
2327,3
2328,89
2329,69
2330,60
2331,52
2332,48
2333,50
2334,25
2335,49
2336,71
2337,17
2338,40
2339,37
2340,78
2341,83
2342,41
2343,1
2344,59
2345,16
2346,89
2347,88
2348,90
2349,8
2350,31
2351,6
2352,78
2353,6
2354,51
2355,73
2356,4
2357,57
2358,19
2359,44
2360,4
2361,4
2362,60
2363,6
2364,76
2365,13
2366,50
2367,62
2368,5
2369,53
2370,66
2371,62
2372,31
2373,1
2374,71
2375,68
2376,82
2377,4
2378,44
2379,3
2380,7
2381,23
2382,92
2383,91
2384,85
2385,61
2386,16
2387,16
2388,81
2389,9
2390,54
2391,73
2392,83
2393,60
2394,26
2395,58
2396,39
2397,54
2398,72
2399,9
2400,79
2401,3
2402,84
2403,58
2404,54
2405,56
2406,31
2407,65
2408,77
2409,4
2410,75
2411,82
2412,72
2413,48
2414,17
2415,6
2416,65
2417,87
2418,82
2419,91
2420,88
2421,14
2422,37
2423,19
2424,84
2425,12
2426,57
2427,79
2428,10
2429,1
2430,25
2431,50
2432,5
2433,10
2434,66
2435,12
2436,82
2437,19
2438,56
2439,68
2440,11
2441,59
2442,72
2443,68
2444,37
2445,7
2446,77
2447,76
2448,88
2449,9
2450,50
2451,1
2452,68
2453,25
2454,85
2455,39
2456,91
2457,17
2458,40
2459,9
2460,87
2461,15
2462,60
2463,82
2464,13
2465,1
2466,28
2467,53
2468,13
2469,13
2470,69
2471,15
2472,85
2473,22
2474,59
2475,71
2476,14
2477,62
2478,75
2479,71
2480,40
2481,10
2482,80
2483,77
2484,91
2485,12
2486,53
2487,1
2488,71
2489,28
2490,88
2491,42
2492,92
2493,20
2494,43
2495,12
2496,90
2497,18
2498,63
2499,85
2500,16
2501,4
2502,31
2503,56
2504,47
2505,16
2506,72
2507,18
2508,88
2509,25
2510,62
2511,74
2512,17
2513,65
2514,78
2515,74
2516,43
2517,13
2518,83
2519,80
2520,21
2521,15
2522,56
2523,3
2524,55
2525,36
2526,5
2527,72
2528,85
2529,51
2530,8
2531,37
2532,31
2533,66
2534,41
2535,55
2536,53
2537,39
2538,76
2539,38
2540,83
2541,41
2542,65
2543,13
2544,0
2545,25
2546,10
2547,11
2548,89
2549,89
2550,19
2551,10
2552,43
2553,77
2554,70
2555,8
2556,90
2557,22
2558,70
2559,27
2560,84
2561,50
2562,33
2563,75
2564,88
2565,54
2566,58
2567,64
2568,68
2569,50
2570,48
2571,82
2572,89
2573,42
2574,58
2575,47
2576,86
2577,44
2578,64
2579,81
2580,13
2581,6
2582,17
2583,22
2584,37
2585,27
2586,81
2587,34
2588,37
2589,65
2590,19
2591,13
2592,11
2593,23
2594,23
2595,15
2596,87
2597,53
2598,36
2599,78
2600,91
2601,57
2602,61
2603,67
2604,71
2605,1
2606,51
2607,3
2608,92
2609,45
2610,61
2611,50
2612,89
2613,47
2614,67
2615,85
2616,31
2617,9
2618,20
2619,71
2620,36
2621,0
2622,84
2623,37
2624,47
2625,49
2626,81
2627,63
2628,39
2629,6
2630,89
2631,6
2632,90
2633,56
2634,39
2635,81
2636,33
2637,83
2638,62
2639,70
2640,74
2641,4
2642,80
2643,88
2644,8
2645,3
2646,85
2647,63
2648,25
2649,60
2650,86
2651,46
2652,23
2653,12
2654,87
2655,80
2656,43
2657,43
2658,82
2659,33
2660,28
2661,10
2662,92
2663,7
2664,66
2665,12
2666,41
2667,12
2668,89
2669,59
2670,42
2671,1
2672,35
2673,79
2674,67
2675,73
2676,46
2677,59
2678,57
2679,9
2680,3
2681,51
2682,67
2683,56
2684,58
2685,53
2686,73
2687,11
2688,36
2689,35
2690,26
2691,31
2692,34
2693,36
2694,90
2695,3
2696,53
2697,0
2698,87
2699,35
2700,20
2701,32
2702,84
2703,6
2704,92
2705,62
2706,45
2707,4
2708,39
2709,89
2710,68
2711,76
2712,80
2713,10
2714,86
2715,92
2716,2
2717,9
2718,91
2719,69
2720,31
2721,66
2722,92
2723,52
2724,47
2725,18
2726,10
2727,86
2728,49
2729,49
2730,88
2731,27
2732,34
2733,16
2734,69
2735,6
2736,72
2737,2
2738,47
2739,18
2740,73
2741,54
2742,5
2743,90
2744,1
2745,69
2746,17
2747,55
2748,49
2749,84
2750,59
2751,73
2752,71
2753,57
2754,78
2755,2
2756,81
2757,9
2758,83
2759,31
2760,81
2761,11
2762,28
2763,29
2764,64
2765,82
2766,15
2767,28
2768,61
2769,88
2770,3
2771,4
2772,14
2773,40
2774,88
2775,45
2776,40
2777,56
2778,28
2779,78
2780,39
2781,12
2782,50
2783,58
2784,87
2785,77
2786,43
2787,66
2788,65
2789,3
2790,75
2791,2
2792,81
2793,84
2794,92
2795,13
2796,47
2797,35
2798,83
2799,91
2800,83
2801,1
2802,54
2803,22
2804,86
2805,32
2806,83
2807,8
2808,23
2809,80
2810,19
2811,49
2812,79
2813,71
2814,54
2815,2
2816,48
2817,75
2818,77
2819,0
2820,89
2821,7
2822,92
2823,3
2824,11
2825,18
2826,4
2827,8
2828,40
2829,75
2830,85
2831,61
2832,56
2833,27
2834,19
2835,43
2836,58
2837,58
2838,87
2839,36
2840,43
2841,25
2842,78
2843,15
2844,81
2845,11
2846,56
2847,27
2848,72
2849,3
2850,62
2851,22
2852,22
2853,20
2854,84
2855,81
2856,13
2857,80
2858,57
2859,46
2860,10
2861,17
2862,11
2863,1
2864,87
2865,84
2866,50
2867,43
2868,63
2869,35
2870,85
2871,36
2872,84
2873,4
2874,7
2875,23
2876,44
2877,82
2878,29
2879,38
2880,68
2881,82
2882,60
2883,87
2884,74
2885,3
2886,65
2887,1
2888,25
2889,23
2890,90
2891,84
2892,16
2893,83
2894,26
2895,90
2896,11
2897,54
2898,14
2899,4
2900,90
2901,68
2902,53
2903,46
2904,66
2905,47
2906,51
2907,39
2908,11
2909,39
2910,11
2911,26
2912,47
2913,90
2914,26
2915,55
2916,71
2917,63
2918,49
2919,54
2920,61
2921,68
2922,40
2923,78
2924,72
2925,41
2926,65
2927,0
2928,60
2929,13
2930,90
2931,7
2932,84
2933,33
2934,87
2935,12
2936,84
2937,91
2938,9
2939,25
2940,59
2941,47
2942,91
2943,3
2944,11
2945,3
2946,76
2947,34
2948,64
2949,30
2950,73
2951,1
2952,35
2953,92
2954,3
2955,68
2956,91
2957,25
2958,40
2959,24
2960,16
2961,87
2962,35
2963,73
2964,67
2965,90
2966,4
2967,34
2968,6
2969,75
2970,11
2971,20
2972,82
2973,27
2974,76
2975,47
2976,64
2977,4
2978,88
2979,52
2980,92
2981,74
2982,57
2983,27
2984,78
2985,76
2986,26
2987,58
2988,46
2989,57
2990,84
2991,30
2992,5
2993,86
2994,69
2995,14
2996,19
2997,90
2998,38
2999,86
3000,8
3001,12
3002,84
3003,18
3004,26
3005,78
3006,14
3007,2
3008,85
3009,80
3010,90
3011,38
3012,26
3013,1
3014,53
3015,58
3016,12
3017,63
3018,18
3019,25
3020,80
3021,82
3022,1
3023,62
3024,72
3025,39
3026,59
3027,30
3028,1
3029,32
3030,46
3031,30
3032,22
3033,72
3034,1
3035,5
3036,1
3037,22
3038,10
3039,40
3040,5
3041,81
3042,17
3043,26
3044,2
3045,33
3046,82
3047,27
3048,70
3049,16
3050,72
3051,57
3052,47
3053,6
3054,7
3055,79
3056,78
3057,29
3058,60
3059,47
3060,80
3061,17
3062,46
3063,30
3064,64
3065,27
3066,49
3067,90
3068,84
3069,68
3070,91
3071,60
3072,70
3073,46
3074,92
3075,19
3076,41
3077,42
3078,79
3079,5
3080,12
3081,6
3082,22
3083,28
3084,4
3085,44
3086,38
3087,68
3088,30
3089,36
3090,21
3091,64
3092,91
3093,61
3094,52
3095,39
3096,69
3097,63
3098,16
3099,12
3100,67
3101,30
3102,52
3103,68
3104,87
3105,69
3106,84
3107,2
3108,68
3109,69
3110,1
3111,24
3112,35
3113,45
3114,86
3115,9
3116,64
3117,67
3118,25
3119,31
3120,15
3121,33
3122,43
3123,34
3124,34
3125,39
3126,24
3127,37
3128,73
3129,63
3130,3
3131,91
3132,37
3133,65
3134,14
3135,66
3136,5
3137,40
3138,6
3139,26
3140,75
3141,81
3142,33
3143,12
3144,78
3145,24
3146,19
3147,30
3148,38
3149,45
3150,31
3151,35
3152,67
3153,42
3154,10
3155,88
3156,18
3157,14
3158,46
3159,70
3160,30
3161,80
3162,18
3163,75
3164,70
3165,52
3166,61
3167,42
3168,51
3169,16
3170,46
3171,32
3172,8
3173,43
3174,58
3175,29
3176,34
3177,84
3178,13
3179,17
3180,11
3181,27
3182,22
3183,7
3184,17
3185,89
3186,1
3187,38
3188,6
3189,45
3190,92
3191,53
3192,79
3193,16
3194,84
3195,0
3196,22
3197,79
3198,20
3199,41
3200,31
3201,3
3202,2
3203,63
3204,64
3205,55
3206,74
3207,31
3208,76
3209,39
3210,61
3211,77
3212,90
3213,75
3214,39
3215,72
3216,77
3217,58
3218,1
3219,31
3220,50
3221,54
3222,91
3223,3
3224,69
3225,14
3226,30
3227,40
3228,1
3229,47
3230,52
3231,61
3232,18
3233,73
3234,33
3235,46
3236,79
3237,72
3238,64
3239,51
3240,7
3241,81
3242,68
3243,24
3244,79
3245,42
3246,0
3247,80
3248,71
3249,65
3250,81
3251,0
3252,77
3253,61
3254,4
3255,34
3256,53
3257,63
3258,89
3259,6
3260,72
3261,19
3262,33
3263,43
3264,4
3265,50
3266,0
3267,64
3268,37
3269,76
3270,36
3271,49
3272,82
3273,75
3274,2
3275,55
3276,10
3277,65
3278,71
3279,27
3280,82
3281,45
3282,67
3283,83
3284,74
3285,84
3286,45
3287,17
3288,83
3289,84
3290,2
3291,39
3292,50
3293,60
3294,92
3295,9
3296,79
3297,82
3298,2
3299,46
3300,30
3301,48
3302,58
3303,49
3304,49
3305,54
3306,39
3307,52
3308,88
3309,78
3310,1
3311,29
3312,0
3313,80
3314,29
3315,81
